month,year,section,commodity,vessels_current,vessels_prev_year,traffic_tonnes_current,traffic_tonnes_prev_year,pct_variation_yoy
January,2024,LOADED,CONTAINER (JSW),4.0,60.0,70324.0,86910.0,22.49
January,2024,LOADED,CRUDE - ISPRL,0.0,0.0,0.0,0.0,0.0
January,2024,LOADED,FOOD GRAINS,0.0,0.0,0.0,29782.0,-100.0
January,2024,LOADED,IRON ORE,9.0,12.0,503964.0,159919.0,166.83
January,2024,LOADED,OTH.LIQ.CARGOES,0.0,0.0,0.0,0.0,0.0
January,2024,LOADED,OTHER CARGO,1.0,10.0,3037.0,35512.0,-65.02
January,2024,LOADED,PETROCHEMICALS,4.0,17.0,104229.0,40056.0,22.55
January,2024,LOADED,POL PRODUCTS,15.0,125.0,478499.0,396357.0,-13.75
January,2024,LOADED,TOTAL COAL,1.0,10.0,5500.0,0.0,-81.46
January,2024,UNLOADED,CONTAINER (JSW),18.0,91.0,137734.0,125932.0,17.5
January,2024,UNLOADED,EDIBLE OIL,9.0,78.0,88374.0,94633.0,0.38
January,2024,UNLOADED,F.R.M. (DRY),0.0,3.0,0.0,20000.0,2.22
January,2024,UNLOADED,FERTILIZER,3.0,16.0,107250.0,76040.0,4.93
January,2024,UNLOADED,IRON ORE,4.0,17.0,263500.0,146638.0,86.96
January,2024,UNLOADED,OTH. LIQ. CARGOES,6.0,101.0,30694.0,71068.0,28.91
January,2024,UNLOADED,OTHER CARGO,6.0,53.0,13364.0,46456.0,15.15
January,2024,UNLOADED,POL PRODUCTS,11.0,55.0,121419.0,83204.0,96.72
January,2024,UNLOADED,TOTAL CEMENT,1.0,37.0,9960.0,41026.0,-41.22
January,2024,UNLOADED,TOTAL COAL,12.0,91.0,657884.0,516675.0,51.85
January,2024,UNLOADED,TOTAL CRUDE,15.0,154.0,1576414.0,1499513.0,-5.89
January,2024,UNLOADED,TOTAL LPG,10.0,127.0,241335.0,265514.0,14.71
February,2024,LOADED,CONTAINER (JSW),5.0,64.0,97700.0,88857.0,21.12
February,2024,LOADED,CRUDE - ISPRL,0.0,0.0,0.0,0.0,0.0
February,2024,LOADED,FOOD GRAINS,0.0,1.0,0.0,468.0,-100.0
February,2024,LOADED,IRON ORE,3.0,15.0,168855.0,163767.0,139.57
February,2024,LOADED,OTH.LIQ.CARGOES,0.0,0.0,0.0,0.0,0.0
February,2024,LOADED,OTHER CARGO,1.0,12.0,3069.0,8278.0,-64.94
February,2024,LOADED,PETROCHEMICALS,3.0,18.0,129334.0,62792.0,30.8
February,2024,LOADED,POL PRODUCTS,10.0,135.0,446603.0,432711.0,-12.38
February,2024,LOADED,TOTAL COAL,0.0,10.0,0.0,0.0,-81.46
February,2024,UNLOADED,CONTAINER (JSW),15.0,101.0,116258.0,107455.0,16.76
February,2024,UNLOADED,EDIBLE OIL,5.0,84.0,88744.0,59759.0,3.66
February,2024,UNLOADED,F.R.M. (DRY),0.0,3.0,0.0,0.0,2.22
February,2024,UNLOADED,FERTILIZER,1.0,16.0,11500.0,0.0,7.47
February,2024,UNLOADED,IRON ORE,3.0,22.0,196200.0,283837.0,60.09
February,2024,UNLOADED,OTH. LIQ. CARGOES,12.0,110.0,83413.0,67749.0,28.16
February,2024,UNLOADED,OTHER CARGO,5.0,62.0,40124.0,21779.0,22.05
February,2024,UNLOADED,POL PRODUCTS,10.0,63.0,144694.0,70732.0,97.67
February,2024,UNLOADED,TOTAL CEMENT,2.0,39.0,21021.0,18706.0,-38.36
February,2024,UNLOADED,TOTAL COAL,13.0,102.0,881732.0,554204.0,52.74
February,2024,UNLOADED,TOTAL CRUDE,16.0,165.0,1680508.0,1320443.0,-3.13
February,2024,UNLOADED,TOTAL LPG,11.0,140.0,244278.0,254366.0,12.85
March,2024,LOADED,CONTAINER (JSW),8.0,69.0,101815.0,104512.0,18.43
March,2024,LOADED,CRUDE - ISPRL,0.0,0.0,0.0,0.0,0.0
March,2024,LOADED,FOOD GRAINS,0.0,1.0,0.0,0.0,-100.0
March,2024,LOADED,IRON ORE,1.0,22.0,60008.0,380714.0,77.12
March,2024,LOADED,OTH.LIQ.CARGOES,1.0,0.0,8481.0,0.0,0.0
March,2024,LOADED,OTHER CARGO,0.0,12.0,55.0,0.0,-64.91
March,2024,LOADED,PETROCHEMICALS,3.0,21.0,77640.0,85378.0,26.08
March,2024,LOADED,POL PRODUCTS,14.0,150.0,561000.0,591449.0,-11.66
March,2024,LOADED,TOTAL COAL,0.0,11.0,0.0,1850.0,-81.89
March,2024,UNLOADED,CONTAINER (JSW),18.0,114.0,122459.0,88161.0,18.11
March,2024,UNLOADED,EDIBLE OIL,8.0,91.0,81779.0,81334.0,3.39
March,2024,UNLOADED,F.R.M. (DRY),1.0,4.0,11000.0,11200.0,1.42
March,2024,UNLOADED,FERTILIZER,1.0,19.0,4918.0,82714.0,-8.23
March,2024,UNLOADED,IRON ORE,3.0,27.0,88700.0,223600.0,41.75
March,2024,UNLOADED,OTH. LIQ. CARGOES,11.0,127.0,59705.0,81035.0,20.89
March,2024,UNLOADED,OTHER CARGO,7.0,70.0,17866.0,19134.0,19.74
March,2024,UNLOADED,POL PRODUCTS,8.0,70.0,96265.0,82371.0,87.65
March,2024,UNLOADED,TOTAL CEMENT,1.0,42.0,10316.0,30896.0,-40.65
March,2024,UNLOADED,TOTAL COAL,15.0,111.0,771832.0,440266.0,54.72
March,2024,UNLOADED,TOTAL CRUDE,14.0,178.0,1397395.0,1553883.0,-3.75
March,2024,UNLOADED,TOTAL LPG,11.0,154.0,215090.0,246133.0,10.61
April,2024,LOADED,CONTAINER (JSW),4.0,7.0,78520.0,83094.0,-5.5
April,2024,LOADED,CRUDE - ISPRL,0.0,0.0,0.0,0.0,0.0
April,2024,LOADED,FOOD GRAINS,0.0,0.0,0.0,0.0,0.0
April,2024,LOADED,IRON ORE,0.0,3.0,0.0,164896.0,-100.0
April,2024,LOADED,OTH.LIQ.CARGOES,1.0,0.0,5273.0,0.0,0.0
April,2024,LOADED,OTHER CARGO,1.0,1.0,4584.0,3005.0,52.55
April,2024,LOADED,PETROCHEMICALS,4.0,1.0,113593.0,45078.0,151.99
April,2024,LOADED,POL PRODUCTS,9.0,9.0,375738.0,342453.0,9.72
April,2024,LOADED,TOTAL COAL,1.0,0.0,1599.0,0.0,0.0
April,2024,UNLOADED,CONTAINER (JSW),18.0,14.0,100110.0,128482.0,-22.08
April,2024,UNLOADED,EDIBLE OIL,9.0,10.0,81454.0,117729.0,-30.81
April,2024,UNLOADED,F.R.M. (DRY),0.0,1.0,0.0,22000.0,-100.0
April,2024,UNLOADED,FERTILIZER,1.0,2.0,9000.0,43382.0,-79.25
April,2024,UNLOADED,IRON ORE,0.0,4.0,0.0,262250.0,-100.0
April,2024,UNLOADED,OTH. LIQ. CARGOES,10.0,14.0,57561.0,81076.0,-29.0
April,2024,UNLOADED,OTHER CARGO,5.0,8.0,11404.0,21791.0,-47.67
April,2024,UNLOADED,POL PRODUCTS,11.0,9.0,113881.0,96688.0,17.78
April,2024,UNLOADED,TOTAL CEMENT,1.0,2.0,9950.0,21202.0,-53.07
April,2024,UNLOADED,TOTAL COAL,12.0,13.0,630502.0,771898.0,-18.32
April,2024,UNLOADED,TOTAL CRUDE,14.0,18.0,1394736.0,1668727.0,-16.42
April,2024,UNLOADED,TOTAL LPG,12.0,11.0,228650.0,230101.0,-0.63
May,2024,LOADED,CONTAINER (JSW),5.0,16.0,79117.0,87037.0,-7.34
May,2024,LOADED,CRUDE - ISPRL,0.0,0.0,0.0,0.0,0.0
May,2024,LOADED,FOOD GRAINS,0.0,0.0,0.0,0.0,0.0
May,2024,LOADED,IRON ORE,1.0,4.0,53500.0,55000.0,-75.67
May,2024,LOADED,OTH.LIQ.CARGOES,0.0,0.0,0.0,0.0,0.0
May,2024,LOADED,OTHER CARGO,0.0,2.0,0.0,3023.0,-23.95
May,2024,LOADED,PETROCHEMICALS,5.0,5.0,127708.0,82299.0,89.44
May,2024,LOADED,POL PRODUCTS,9.0,18.0,338406.0,340060.0,4.63
May,2024,LOADED,TOTAL COAL,4.0,0.0,14399.0,0.0,0.0
May,2024,UNLOADED,CONTAINER (JSW),14.0,28.0,105273.0,178037.0,-33.0
May,2024,UNLOADED,EDIBLE OIL,5.0,16.0,67184.0,41366.0,-6.57
May,2024,UNLOADED,F.R.M. (DRY),0.0,1.0,0.0,0.0,-100.0
May,2024,UNLOADED,FERTILIZER,5.0,4.0,131124.0,77340.0,16.07
May,2024,UNLOADED,IRON ORE,0.0,8.0,0.0,177750.0,-100.0
May,2024,UNLOADED,OTH. LIQ. CARGOES,8.0,31.0,45099.0,85858.0,-38.5
May,2024,UNLOADED,OTHER CARGO,7.0,14.0,25663.0,11145.0,12.54
May,2024,UNLOADED,POL PRODUCTS,9.0,17.0,105652.0,104185.0,9.29
May,2024,UNLOADED,TOTAL CEMENT,1.0,4.0,10710.0,21031.0,-51.08
May,2024,UNLOADED,TOTAL COAL,12.0,23.0,951190.0,615489.0,14.01
May,2024,UNLOADED,TOTAL CRUDE,14.0,34.0,1358981.0,1438183.0,-11.37
May,2024,UNLOADED,TOTAL LPG,10.0,26.0,207323.0,233714.0,-6.0
June,2024,LOADED,CONTAINER (JSW),4.0,26.0,77399.0,86647.0,-8.47
June,2024,LOADED,CRUDE - ISPRL,0.0,0.0,0.0,0.0,0.0
June,2024,LOADED,FOOD GRAINS,0.0,0.0,0.0,0.0,0.0
June,2024,LOADED,IRON ORE,3.0,9.0,124407.0,270278.0,-63.71
June,2024,LOADED,OTH.LIQ.CARGOES,1.0,0.0,4705.0,0.0,0.0
June,2024,LOADED,OTHER CARGO,0.0,2.0,0.0,0.0,-23.95
June,2024,LOADED,PETROCHEMICALS,5.0,7.0,124259.0,61146.0,93.91
June,2024,LOADED,POL PRODUCTS,11.0,31.0,459418.0,461301.0,2.6
June,2024,LOADED,TOTAL COAL,0.0,1.0,0.0,9100.0,75.8
June,2024,UNLOADED,CONTAINER (JSW),15.0,38.0,135134.0,130309.0,-22.05
June,2024,UNLOADED,EDIBLE OIL,6.0,25.0,61237.0,85582.0,-14.22
June,2024,UNLOADED,F.R.M. (DRY),0.0,1.0,0.0,0.0,-100.0
June,2024,UNLOADED,FERTILIZER,1.0,7.0,40000.0,88421.0,-13.88
June,2024,UNLOADED,IRON ORE,1.0,9.0,55000.0,54877.0,-88.89
June,2024,UNLOADED,OTH. LIQ. CARGOES,8.0,38.0,45645.0,45031.0,-30.03
June,2024,UNLOADED,OTHER CARGO,5.0,17.0,12467.0,15770.0,1.7
June,2024,UNLOADED,POL PRODUCTS,11.0,25.0,118819.0,90730.0,16.03
June,2024,UNLOADED,TOTAL CEMENT,1.0,5.0,10354.0,9939.0,-40.55
June,2024,UNLOADED,TOTAL COAL,16.0,28.0,822488.0,226206.0,49.0
June,2024,UNLOADED,TOTAL CRUDE,21.0,55.0,1564079.0,1645302.0,-9.14
June,2024,UNLOADED,TOTAL LPG,10.0,38.0,194556.0,224268.0,-8.36
July,2024,LOADED,CONTAINER (JSW),7.0,36.0,70465.0,94517.0,-13.04
July,2024,LOADED,CRUDE - ISPRL,0.0,0.0,0.0,0.0,0.0
July,2024,LOADED,FOOD GRAINS,0.0,0.0,0.0,0.0,0.0
July,2024,LOADED,IRON ORE,0.0,11.0,0.0,109678.0,-70.34
July,2024,LOADED,OTH.LIQ.CARGOES,0.0,0.0,0.0,0.0,0.0
July,2024,LOADED,OTHER CARGO,0.0,4.0,0.0,58680.0,-92.92
July,2024,LOADED,PETROCHEMICALS,4.0,12.0,119145.0,111532.0,61.54
July,2024,LOADED,POL PRODUCTS,12.0,39.0,440630.0,306712.0,11.28
July,2024,LOADED,TOTAL COAL,0.0,1.0,0.0,0.0,75.8
July,2024,UNLOADED,CONTAINER (JSW),14.0,51.0,156601.0,178156.0,-19.17
July,2024,UNLOADED,EDIBLE OIL,8.0,34.0,117337.0,87095.0,-1.37
July,2024,UNLOADED,F.R.M. (DRY),2.0,1.0,44830.0,0.0,103.77
July,2024,UNLOADED,FERTILIZER,2.0,10.0,45758.0,48599.0,-12.36
July,2024,UNLOADED,IRON ORE,0.0,12.0,0.0,207638.0,-92.17
July,2024,UNLOADED,OTH. LIQ. CARGOES,13.0,49.0,59113.0,42770.0,-18.57
July,2024,UNLOADED,OTHER CARGO,4.0,21.0,12016.0,41385.0,-31.68
July,2024,UNLOADED,POL PRODUCTS,6.0,35.0,69107.0,83283.0,8.69
July,2024,UNLOADED,TOTAL CEMENT,1.0,7.0,18428.0,19238.0,-30.76
July,2024,UNLOADED,TOTAL COAL,7.0,34.0,310958.0,352909.0,38.07
July,2024,UNLOADED,TOTAL CRUDE,21.0,73.0,1648983.0,1341974.0,-2.09
July,2024,UNLOADED,TOTAL LPG,12.0,52.0,232348.0,247674.0,-7.79
August,2024,LOADED,CONTAINER (JSW),6.0,47.0,67597.0,81629.0,-13.82
August,2024,LOADED,CRUDE - ISPRL,0.0,0.0,0.0,0.0,0.0
August,2024,LOADED,FOOD GRAINS,0.0,0.0,0.0,0.0,0.0
August,2024,LOADED,IRON ORE,0.0,12.0,0.0,54995.0,-72.83
August,2024,LOADED,OTH.LIQ.CARGOES,0.0,0.0,0.0,0.0,0.0
August,2024,LOADED,OTHER CARGO,0.0,4.0,138.0,0.0,-92.7
August,2024,LOADED,PETROCHEMICALS,4.0,14.0,89542.0,43802.0,67.0
August,2024,LOADED,POL PRODUCTS,13.0,50.0,500007.0,393923.0,14.62
August,2024,LOADED,TOTAL COAL,0.0,1.0,0.0,0.0,75.8
August,2024,UNLOADED,CONTAINER (JSW),12.0,63.0,123198.0,174806.0,-21.46
August,2024,UNLOADED,EDIBLE OIL,11.0,43.0,137135.0,80091.0,12.74
August,2024,UNLOADED,F.R.M. (DRY),0.0,1.0,0.0,0.0,103.77
August,2024,UNLOADED,FERTILIZER,1.0,10.0,5000.0,0.0,-10.42
August,2024,UNLOADED,IRON ORE,0.0,14.0,0.0,61242.0,-92.8
August,2024,UNLOADED,OTH. LIQ. CARGOES,8.0,61.0,42375.0,72865.0,-23.75
August,2024,UNLOADED,OTHER CARGO,7.0,25.0,22705.0,34053.0,-32.13
August,2024,UNLOADED,POL PRODUCTS,10.0,41.0,111761.0,62346.0,18.75
August,2024,UNLOADED,TOTAL CEMENT,1.0,9.0,9767.0,25684.0,-39.02
August,2024,UNLOADED,TOTAL COAL,10.0,44.0,523013.0,294389.0,43.22
August,2024,UNLOADED,TOTAL CRUDE,16.0,88.0,1324416.0,970899.0,3.2
August,2024,UNLOADED,TOTAL LPG,14.0,70.0,261756.0,319974.0,-10.44
September,2024,LOADED,CONTAINER (JSW),8.0,58.0,93577.0,104166.0,-13.11
September,2024,LOADED,CRUDE - ISPRL,0.0,0.0,0.0,0.0,0.0
September,2024,LOADED,FOOD GRAINS,0.0,0.0,0.0,0.0,0.0
September,2024,LOADED,IRON ORE,0.0,15.0,0.0,201995.0,-79.24
September,2024,LOADED,OTH.LIQ.CARGOES,1.0,1.0,4004.0,8104.0,72.53
September,2024,LOADED,OTHER CARGO,0.0,4.0,23.0,0.0,-92.67
September,2024,LOADED,PETROCHEMICALS,6.0,15.0,180923.0,19971.0,107.56
September,2024,LOADED,POL PRODUCTS,17.0,58.0,699216.0,326882.0,29.57
September,2024,LOADED,TOTAL COAL,0.0,1.0,0.0,0.0,75.8
September,2024,UNLOADED,CONTAINER (JSW),11.0,77.0,129489.0,127669.0,-18.27
September,2024,UNLOADED,EDIBLE OIL,6.0,52.0,56458.0,101145.0,1.52
September,2024,UNLOADED,F.R.M. (DRY),0.0,2.0,0.0,8000.0,49.43
September,2024,UNLOADED,FERTILIZER,1.0,12.0,20000.0,36979.0,-14.87
September,2024,UNLOADED,IRON ORE,1.0,17.0,50940.0,165000.0,-88.59
September,2024,UNLOADED,OTH. LIQ. CARGOES,7.0,75.0,30227.0,75919.0,-30.61
September,2024,UNLOADED,OTHER CARGO,6.0,28.0,18957.0,18931.0,-27.86
September,2024,UNLOADED,POL PRODUCTS,7.0,48.0,103723.0,95152.0,17.01
September,2024,UNLOADED,TOTAL CEMENT,1.0,11.0,10000.0,12438.0,-36.81
September,2024,UNLOADED,TOTAL COAL,12.0,53.0,669584.0,505620.0,41.25
September,2024,UNLOADED,TOTAL CRUDE,16.0,96.0,1361140.0,614544.0,12.67
September,2024,UNLOADED,TOTAL LPG,11.0,85.0,223074.0,332917.0,-15.17
October,2024,LOADED,CONTAINER (JSW),10.0,70.0,76410.0,107295.0,-15.72
October,2024,LOADED,CRUDE - ISPRL,0.0,0.0,0.0,0.0,0.0
October,2024,LOADED,FOOD GRAINS,0.0,0.0,0.0,0.0,0.0
October,2024,LOADED,IRON ORE,2.0,18.0,90521.0,119729.0,-72.51
October,2024,LOADED,OTH.LIQ.CARGOES,0.0,1.0,0.0,0.0,72.53
October,2024,LOADED,OTHER CARGO,1.0,4.0,4018.0,275.0,-86.51
October,2024,LOADED,PETROCHEMICALS,4.0,16.0,124536.0,26110.0,125.6
October,2024,LOADED,POL PRODUCTS,12.0,66.0,427017.0,311262.0,30.53
October,2024,LOADED,TOTAL COAL,0.0,1.0,10853.0,0.0,195.07
October,2024,UNLOADED,CONTAINER (JSW),10.0,92.0,111050.0,150236.0,-19.37
October,2024,UNLOADED,EDIBLE OIL,10.0,58.0,118583.0,70357.0,9.6
October,2024,UNLOADED,F.R.M. (DRY),0.0,2.0,0.0,0.0,49.43
October,2024,UNLOADED,FERTILIZER,1.0,15.0,31210.0,72400.0,-23.16
October,2024,UNLOADED,IRON ORE,0.0,19.0,0.0,110000.0,-89.8
October,2024,UNLOADED,OTH. LIQ. CARGOES,10.0,85.0,63499.0,36066.0,-21.85
October,2024,UNLOADED,OTHER CARGO,11.0,36.0,37565.0,18594.0,-12.92
October,2024,UNLOADED,POL PRODUCTS,9.0,57.0,96201.0,130109.0,8.55
October,2024,UNLOADED,TOTAL CEMENT,1.0,13.0,15673.0,21750.0,-35.34
October,2024,UNLOADED,TOTAL COAL,12.0,68.0,660774.0,776593.0,28.94
October,2024,UNLOADED,TOTAL CRUDE,15.0,111.0,1682162.0,1676845.0,10.45
October,2024,UNLOADED,TOTAL LPG,12.0,101.0,356490.0,290279.0,-9.3
November,2024,LOADED,CONTAINER (JSW),12.0,78.0,86336.0,92211.0,-14.55
November,2024,LOADED,CRUDE - ISPRL,0.0,0.0,0.0,0.0,0.0
November,2024,LOADED,FOOD GRAINS,0.0,0.0,0.0,0.0,0.0
November,2024,LOADED,IRON ORE,0.0,24.0,0.0,320433.0,-79.3
November,2024,LOADED,OTH.LIQ.CARGOES,1.0,1.0,6402.0,0.0,151.53
November,2024,LOADED,OTHER CARGO,1.0,4.0,4074.0,0.0,-80.25
November,2024,LOADED,PETROCHEMICALS,5.0,20.0,97665.0,75983.0,109.77
November,2024,LOADED,POL PRODUCTS,16.0,81.0,507124.0,595621.0,21.74
November,2024,LOADED,TOTAL COAL,0.0,1.0,0.0,0.0,195.07
November,2024,UNLOADED,CONTAINER (JSW),12.0,108.0,126791.0,133213.0,-17.76
November,2024,UNLOADED,EDIBLE OIL,10.0,65.0,130608.0,79784.0,16.11
November,2024,UNLOADED,F.R.M. (DRY),0.0,3.0,0.0,16000.0,-2.54
November,2024,UNLOADED,FERTILIZER,3.0,15.0,97000.0,0.0,3.26
November,2024,UNLOADED,IRON ORE,0.0,23.0,0.0,227500.0,-91.63
November,2024,UNLOADED,OTH. LIQ. CARGOES,8.0,97.0,40624.0,68343.0,-24.37
November,2024,UNLOADED,OTHER CARGO,8.0,44.0,25761.0,24104.0,-10.35
November,2024,UNLOADED,POL PRODUCTS,8.0,63.0,93868.0,103988.0,6.07
November,2024,UNLOADED,TOTAL CEMENT,2.0,16.0,20674.0,35408.0,-36.68
November,2024,UNLOADED,TOTAL COAL,8.0,85.0,570783.0,1004784.0,13.0
November,2024,UNLOADED,TOTAL CRUDE,14.0,123.0,1487826.0,1356172.0,10.36
November,2024,UNLOADED,TOTAL LPG,10.0,116.0,256761.0,264843.0,-11.89
December,2024,LOADED,CONTAINER (JSW),14.0,83.0,85700.0,81663.0,-12.6
December,2024,LOADED,CRUDE - ISPRL,0.0,0.0,0.0,0.0,0.0
December,2024,LOADED,FOOD GRAINS,0.0,0.0,0.0,0.0,0.0
December,2024,LOADED,IRON ORE,1.0,31.0,108129.0,386673.0,-77.63
December,2024,LOADED,OTH.LIQ.CARGOES,0.0,2.0,0.0,8755.0,20.91
December,2024,LOADED,OTHER CARGO,1.0,4.0,4968.0,0.0,-72.6
December,2024,LOADED,PETROCHEMICALS,2.0,25.0,46309.0,131312.0,71.4
December,2024,LOADED,POL PRODUCTS,13.0,99.0,508301.0,671540.0,13.5
December,2024,LOADED,TOTAL COAL,0.0,1.0,0.0,0.0,195.07
December,2024,UNLOADED,CONTAINER (JSW),8.0,126.0,152936.0,135125.0,-14.63
December,2024,UNLOADED,EDIBLE OIL,4.0,73.0,32966.0,67916.0,9.83
December,2024,UNLOADED,F.R.M. (DRY),1.0,3.0,13000.0,0.0,25.72
December,2024,UNLOADED,FERTILIZER,2.0,15.0,62000.0,0.0,20.15
December,2024,UNLOADED,IRON ORE,2.0,28.0,112530.0,266800.0,-85.75
December,2024,UNLOADED,OTH. LIQ. CARGOES,7.0,108.0,36467.0,52648.0,-24.97
December,2024,UNLOADED,OTHER CARGO,12.0,53.0,72241.0,26811.0,12.32
December,2024,UNLOADED,POL PRODUCTS,11.0,72.0,136556.0,118218.0,7.33
December,2024,UNLOADED,TOTAL CEMENT,3.0,18.0,32494.0,32494.0,-25.53
December,2024,UNLOADED,TOTAL COAL,13.0,100.0,667010.0,875654.0,7.06
December,2024,UNLOADED,TOTAL CRUDE,13.0,136.0,1403476.0,1427370.0,8.94
December,2024,UNLOADED,TOTAL LPG,9.0,130.0,255455.0,251973.0,-10.49
January,2025,LOADED,CONTAINER (JSW),5.0,87.0,85317.0,70324.0,-9.92
January,2025,LOADED,CRUDE - ISPRL,0.0,0.0,0.0,0.0,0.0
January,2025,LOADED,FOOD GRAINS,0.0,0.0,0.0,0.0,0.0
January,2025,LOADED,IRON ORE,6.0,40.0,258043.0,503964.0,-70.99
January,2025,LOADED,OTH.LIQ.CARGOES,1.0,2.0,8010.0,0.0,68.42
January,2025,LOADED,OTHER CARGO,0.0,5.0,422.0,3037.0,-73.2
January,2025,LOADED,PETROCHEMICALS,2.0,29.0,18125.0,104229.0,48.52
January,2025,LOADED,POL PRODUCTS,15.0,114.0,667601.0,478499.0,16.44
January,2025,LOADED,TOTAL COAL,1.0,2.0,21500.0,5500.0,231.17
January,2025,UNLOADED,CONTAINER (JSW),16.0,144.0,112426.0,137734.0,-14.98
January,2025,UNLOADED,EDIBLE OIL,6.0,82.0,71192.0,88374.0,6.68
January,2025,UNLOADED,F.R.M. (DRY),0.0,3.0,0.0,0.0,25.72
January,2025,UNLOADED,FERTILIZER,2.0,18.0,55016.0,107250.0,4.58
January,2025,UNLOADED,IRON ORE,4.0,32.0,217250.0,263500.0,-75.75
January,2025,UNLOADED,OTH. LIQ. CARGOES,15.0,114.0,81030.0,30694.0,-15.16
January,2025,UNLOADED,OTHER CARGO,5.0,59.0,10695.0,13364.0,10.41
January,2025,UNLOADED,POL PRODUCTS,12.0,83.0,119247.0,121419.0,6.23
January,2025,UNLOADED,TOTAL CEMENT,2.0,19.0,16671.0,9960.0,-20.8
January,2025,UNLOADED,TOTAL COAL,12.0,112.0,734380.0,657884.0,7.55
January,2025,UNLOADED,TOTAL CRUDE,16.0,151.0,1698297.0,1576414.0,8.8
January,2025,UNLOADED,TOTAL LPG,12.0,140.0,240804.0,241335.0,-9.55
February,2025,LOADED,CONTAINER (JSW),4.0,92.0,89082.0,97700.0,-9.81
February,2025,LOADED,CRUDE - ISPRL,0.0,0.0,0.0,0.0,0.0
February,2025,LOADED,FOOD GRAINS,0.0,0.0,0.0,0.0,0.0
February,2025,LOADED,IRON ORE,12.0,43.0,534824.0,168855.0,-50.37
February,2025,LOADED,OTH.LIQ.CARGOES,1.0,2.0,5513.0,0.0,101.12
February,2025,LOADED,OTHER CARGO,0.0,6.0,46.0,3069.0,-74.3
February,2025,LOADED,PETROCHEMICALS,1.0,32.0,23571.0,129334.0,28.24
February,2025,LOADED,POL PRODUCTS,15.0,124.0,640914.0,446603.0,19.03
February,2025,LOADED,TOTAL COAL,0.0,2.0,0.0,0.0,231.17
February,2025,UNLOADED,CONTAINER (JSW),15.0,159.0,90558.0,116258.0,-15.5
February,2025,UNLOADED,EDIBLE OIL,7.0,87.0,83431.0,88744.0,5.44
February,2025,UNLOADED,F.R.M. (DRY),0.0,3.0,0.0,0.0,25.72
February,2025,UNLOADED,FERTILIZER,0.0,19.0,0.0,11500.0,2.11
February,2025,UNLOADED,IRON ORE,3.0,35.0,220000.0,196200.0,-67.09
February,2025,UNLOADED,OTH. LIQ. CARGOES,13.0,126.0,68629.0,83413.0,-15.48
February,2025,UNLOADED,OTHER CARGO,3.0,64.0,8585.0,40124.0,-3.01
February,2025,UNLOADED,POL PRODUCTS,11.0,93.0,138426.0,144694.0,4.9
February,2025,UNLOADED,TOTAL CEMENT,3.0,21.0,46460.0,21021.0,-7.02
February,2025,UNLOADED,TOTAL COAL,12.0,125.0,816392.0,881732.0,5.66
February,2025,UNLOADED,TOTAL CRUDE,14.0,167.0,1473137.0,1680508.0,6.5
February,2025,UNLOADED,TOTAL LPG,11.0,151.0,229193.0,244278.0,-9.26
March,2025,LOADED,CONTAINER (JSW),6.0,100.0,106053.0,101815.0,-8.5
March,2025,LOADED,CRUDE - ISPRL,0.0,0.0,0.0,0.0,0.0
March,2025,LOADED,FOOD GRAINS,0.0,0.0,0.0,0.0,0.0
March,2025,LOADED,IRON ORE,2.0,44.0,59808.0,60008.0,-49.13
March,2025,LOADED,OTH.LIQ.CARGOES,2.0,3.0,10704.0,8481.0,76.05
March,2025,LOADED,OTHER CARGO,1.0,6.0,4073.0,55.0,-68.59
March,2025,LOADED,PETROCHEMICALS,3.0,35.0,24542.0,77640.0,19.98
March,2025,LOADED,POL PRODUCTS,13.0,138.0,632888.0,561000.0,18.36
March,2025,LOADED,TOTAL COAL,0.0,2.0,0.0,0.0,231.17
March,2025,UNLOADED,CONTAINER (JSW),19.0,177.0,115480.0,122459.0,-14.8
March,2025,UNLOADED,EDIBLE OIL,7.0,95.0,102561.0,81779.0,7.09
March,2025,UNLOADED,F.R.M. (DRY),0.0,4.0,0.0,11000.0,1.46
March,2025,UNLOADED,FERTILIZER,2.0,20.0,50257.0,4918.0,11.32
March,2025,UNLOADED,IRON ORE,4.0,38.0,220000.0,88700.0,-57.93
March,2025,UNLOADED,OTH. LIQ. CARGOES,12.0,137.0,64219.0,59705.0,-13.6
March,2025,UNLOADED,OTHER CARGO,4.0,71.0,18638.0,17866.0,-2.55
March,2025,UNLOADED,POL PRODUCTS,8.0,101.0,110926.0,96265.0,5.39
March,2025,UNLOADED,TOTAL CEMENT,4.0,22.0,48596.0,10316.0,10.19
March,2025,UNLOADED,TOTAL COAL,17.0,140.0,1028930.0,771832.0,8.42
March,2025,UNLOADED,TOTAL CRUDE,17.0,181.0,1768581.0,1397395.0,8.17
March,2025,UNLOADED,TOTAL LPG,11.0,162.0,269780.0,215090.0,-6.85
April,2025,LOADED,CONTAINER (JSW),9.0,4.0,78059.0,78520.0,-0.59
April,2025,LOADED,CRUDE - ISPRL,0.0,0.0,0.0,0.0,0.0
April,2025,LOADED,FOOD GRAINS,0.0,0.0,0.0,0.0,0.0
April,2025,LOADED,IRON ORE,4.0,0.0,271766.0,0.0,0.0
April,2025,LOADED,OTH.LIQ.CARGOES,1.0,1.0,8022.0,5273.0,52.13
April,2025,LOADED,OTHER CARGO,0.0,1.0,0.0,4584.0,-100.0
April,2025,LOADED,PETROCHEMICALS,1.0,4.0,11544.0,113593.0,-89.84
April,2025,LOADED,POL PRODUCTS,9.0,9.0,306488.0,375738.0,-18.43
April,2025,LOADED,TOTAL COAL,0.0,1.0,0.0,1599.0,-100.0
April,2025,UNLOADED,CONTAINER (JSW),16.0,18.0,106276.0,100110.0,6.16
April,2025,UNLOADED,EDIBLE OIL,3.0,9.0,30705.0,81454.0,-62.3
April,2025,UNLOADED,F.R.M. (DRY),1.0,0.0,15050.0,0.0,0.0
April,2025,UNLOADED,FERTILIZER,2.0,1.0,9255.0,9000.0,2.83
April,2025,UNLOADED,IRON ORE,0.0,0.0,0.0,0.0,0.0
April,2025,UNLOADED,OTH. LIQ. CARGOES,8.0,10.0,39467.0,57561.0,-31.43
April,2025,UNLOADED,OTHER CARGO,3.0,5.0,5273.0,11404.0,-53.76
April,2025,UNLOADED,POL PRODUCTS,9.0,11.0,106615.0,113881.0,-6.38
April,2025,UNLOADED,TOTAL CEMENT,3.0,1.0,32181.0,9950.0,223.43
April,2025,UNLOADED,TOTAL COAL,15.0,12.0,920891.0,630502.0,46.06
April,2025,UNLOADED,TOTAL CRUDE,14.0,14.0,1366539.0,1394736.0,-2.02
April,2025,UNLOADED,TOTAL LPG,11.0,12.0,201876.0,228650.0,-11.71
May,2025,LOADED,CONTAINER (JSW),7.0,9.0,68831.0,79117.0,-6.82
May,2025,LOADED,CRUDE - ISPRL,0.0,0.0,0.0,0.0,0.0
May,2025,LOADED,FOOD GRAINS,0.0,0.0,0.0,0.0,0.0
May,2025,LOADED,IRON ORE,4.0,1.0,171718.0,53500.0,728.94
May,2025,LOADED,OTH.LIQ.CARGOES,0.0,1.0,0.0,0.0,52.13
May,2025,LOADED,OTHER CARGO,1.0,1.0,226.0,0.0,-95.07
May,2025,LOADED,PETROCHEMICALS,2.0,9.0,17783.0,127708.0,-87.85
May,2025,LOADED,POL PRODUCTS,12.0,18.0,470704.0,338406.0,8.83
May,2025,LOADED,TOTAL COAL,0.0,5.0,0.0,14399.0,-100.0
May,2025,UNLOADED,CONTAINER (JSW),15.0,32.0,139556.0,105273.0,19.69
May,2025,UNLOADED,EDIBLE OIL,8.0,14.0,85440.0,67184.0,-21.86
May,2025,UNLOADED,F.R.M. (DRY),0.0,0.0,0.0,0.0,0.0
May,2025,UNLOADED,FERTILIZER,3.0,6.0,72172.0,131124.0,-41.89
May,2025,UNLOADED,IRON ORE,4.0,0.0,228250.0,0.0,0.0
May,2025,UNLOADED,OTH. LIQ. CARGOES,14.0,18.0,63727.0,45099.0,0.52
May,2025,UNLOADED,OTHER CARGO,4.0,12.0,9327.0,25663.0,-60.61
May,2025,UNLOADED,POL PRODUCTS,10.0,20.0,101550.0,105652.0,-5.18
May,2025,UNLOADED,TOTAL CEMENT,2.0,2.0,31050.0,10710.0,206.06
May,2025,UNLOADED,TOTAL COAL,13.0,24.0,846052.0,951190.0,11.71
May,2025,UNLOADED,TOTAL CRUDE,15.0,28.0,1288899.0,1358981.0,-3.57
May,2025,UNLOADED,TOTAL LPG,15.0,22.0,252508.0,207323.0,4.22
June,2025,LOADED,CONTAINER (JSW),6.0,13.0,81901.0,77399.0,-2.66
June,2025,LOADED,CRUDE - ISPRL,0.0,0.0,0.0,0.0,0.0
June,2025,LOADED,FOOD GRAINS,0.0,0.0,0.0,0.0,0.0
June,2025,LOADED,IRON ORE,7.0,4.0,379116.0,124407.0,362.38
June,2025,LOADED,OTH.LIQ.CARGOES,1.0,2.0,9823.0,4705.0,78.84
June,2025,LOADED,OTHER CARGO,1.0,1.0,4179.0,0.0,-3.9
June,2025,LOADED,PETROCHEMICALS,2.0,14.0,20540.0,124259.0,-86.36
June,2025,LOADED,POL PRODUCTS,6.0,29.0,220173.0,459418.0,-15.01
June,2025,LOADED,TOTAL COAL,1.0,5.0,16500.0,0.0,3.14
June,2025,UNLOADED,CONTAINER (JSW),15.0,47.0,148917.0,135134.0,15.93
June,2025,UNLOADED,EDIBLE OIL,6.0,20.0,90199.0,61237.0,-1.68
June,2025,UNLOADED,F.R.M. (DRY),0.0,0.0,0.0,0.0,0.0
June,2025,UNLOADED,FERTILIZER,3.0,7.0,39526.0,40000.0,-32.85
June,2025,UNLOADED,IRON ORE,5.0,1.0,265100.0,55000.0,797.0
June,2025,UNLOADED,OTH. LIQ. CARGOES,11.0,26.0,79629.0,45645.0,23.28
June,2025,UNLOADED,OTHER CARGO,1.0,17.0,1527.0,12467.0,-67.44
June,2025,UNLOADED,POL PRODUCTS,12.0,31.0,136834.0,118819.0,1.96
June,2025,UNLOADED,TOTAL CEMENT,1.0,3.0,10000.0,10354.0,136.12
June,2025,UNLOADED,TOTAL COAL,11.0,40.0,535332.0,822488.0,-4.24
June,2025,UNLOADED,TOTAL CRUDE,11.0,49.0,902196.0,1564079.0,-17.61
June,2025,UNLOADED,TOTAL LPG,15.0,32.0,329103.0,194556.0,24.26
July,2025,LOADED,CONTAINER (JSW),8.0,20.0,79411.0,70465.0,0.88
July,2025,LOADED,CRUDE - ISPRL,0.0,0.0,0.0,0.0,0.0
July,2025,LOADED,FOOD GRAINS,0.0,0.0,0.0,0.0,0.0
July,2025,LOADED,IRON ORE,2.0,4.0,134522.0,0.0,437.99
July,2025,LOADED,OTH.LIQ.CARGOES,1.0,2.0,11809.0,0.0,197.19
July,2025,LOADED,OTHER CARGO,1.0,1.0,9195.0,0.0,196.68
July,2025,LOADED,PETROCHEMICALS,1.0,18.0,12300.0,119145.0,-87.17
July,2025,LOADED,POL PRODUCTS,12.0,41.0,485172.0,440630.0,-8.16
July,2025,LOADED,TOTAL COAL,0.0,5.0,0.0,0.0,3.14
July,2025,UNLOADED,CONTAINER (JSW),17.0,61.0,181460.0,156601.0,15.91
July,2025,UNLOADED,EDIBLE OIL,7.0,28.0,89099.0,117337.0,-9.71
July,2025,UNLOADED,F.R.M. (DRY),0.0,2.0,0.0,44830.0,-66.43
July,2025,UNLOADED,FERTILIZER,1.0,9.0,35976.0,45758.0,-30.53
July,2025,UNLOADED,IRON ORE,4.0,1.0,217720.0,0.0,1192.85
July,2025,UNLOADED,OTH. LIQ. CARGOES,14.0,39.0,57823.0,59113.0,16.02
July,2025,UNLOADED,OTHER CARGO,1.0,21.0,27400.0,12016.0,-29.28
July,2025,UNLOADED,POL PRODUCTS,10.0,37.0,114317.0,69107.0,12.73
July,2025,UNLOADED,TOTAL CEMENT,2.0,4.0,31110.0,18428.0,111.04
July,2025,UNLOADED,TOTAL COAL,5.0,47.0,357968.0,310958.0,-2.02
July,2025,UNLOADED,TOTAL CRUDE,18.0,70.0,1276206.0,1648983.0,-18.99
July,2025,UNLOADED,TOTAL LPG,13.0,44.0,280022.0,232348.0,23.25
August,2025,LOADED,CONTAINER (JSW),7.0,26.0,76527.0,67597.0,3.12
August,2025,LOADED,CRUDE - ISPRL,0.0,0.0,0.0,0.0,0.0
August,2025,LOADED,FOOD GRAINS,0.0,0.0,0.0,0.0,0.0
August,2025,LOADED,IRON ORE,4.0,4.0,283295.0,0.0,597.23
August,2025,LOADED,OTH.LIQ.CARGOES,1.0,2.0,10050.0,0.0,297.92
August,2025,LOADED,OTHER CARGO,1.0,1.0,4094.0,138.0,274.71
August,2025,LOADED,PETROCHEMICALS,1.0,22.0,11597.0,89542.0,-87.15
August,2025,LOADED,POL PRODUCTS,17.0,54.0,684072.0,500007.0,3.73
August,2025,LOADED,TOTAL COAL,0.0,5.0,0.0,0.0,3.14
August,2025,UNLOADED,CONTAINER (JSW),13.0,73.0,113473.0,123198.0,11.18
August,2025,UNLOADED,EDIBLE OIL,8.0,39.0,125646.0,137135.0,-9.32
August,2025,UNLOADED,F.R.M. (DRY),0.0,2.0,0.0,0.0,-66.43
August,2025,UNLOADED,FERTILIZER,1.0,10.0,31329.0,5000.0,-18.46
August,2025,UNLOADED,IRON ORE,4.0,1.0,275000.0,0.0,1692.85
August,2025,UNLOADED,OTH. LIQ. CARGOES,12.0,47.0,72455.0,42375.0,25.34
August,2025,UNLOADED,OTHER CARGO,1.0,28.0,8653.0,22705.0,-38.07
August,2025,UNLOADED,POL PRODUCTS,12.0,47.0,149937.0,111761.0,12.24
August,2025,UNLOADED,TOTAL CEMENT,3.0,5.0,20900.0,9767.0,111.52
August,2025,UNLOADED,TOTAL COAL,10.0,57.0,318905.0,523013.0,-8.0
August,2025,UNLOADED,TOTAL CRUDE,17.0,86.0,1415846.0,1324416.0,-14.28
August,2025,UNLOADED,TOTAL LPG,12.0,58.0,283326.0,261756.0,19.76
September,2025,LOADED,CONTAINER (JSW),9.0,34.0,80601.0,93577.0,-0.29
September,2025,LOADED,CRUDE - ISPRL,0.0,0.0,0.0,0.0,0.0
September,2025,LOADED,FOOD GRAINS,0.0,0.0,0.0,0.0,0.0
September,2025,LOADED,IRON ORE,5.0,4.0,307208.0,0.0,769.91
September,2025,LOADED,OTH.LIQ.CARGOES,0.0,3.0,0.0,4004.0,183.97
September,2025,LOADED,OTHER CARGO,0.0,1.0,0.0,23.0,272.9
September,2025,LOADED,PETROCHEMICALS,1.0,28.0,12287.0,180923.0,-88.61
September,2025,LOADED,POL PRODUCTS,15.0,71.0,730594.0,699216.0,3.92
September,2025,LOADED,TOTAL COAL,0.0,5.0,0.0,0.0,3.14
September,2025,UNLOADED,CONTAINER (JSW),10.0,84.0,108784.0,129489.0,6.49
September,2025,UNLOADED,EDIBLE OIL,8.0,45.0,103843.0,56458.0,0.79
September,2025,UNLOADED,F.R.M. (DRY),0.0,2.0,0.0,0.0,-66.43
September,2025,UNLOADED,FERTILIZER,4.0,11.0,86940.0,20000.0,9.69
September,2025,UNLOADED,IRON ORE,3.0,2.0,250770.0,50940.0,1067.49
September,2025,UNLOADED,OTH. LIQ. CARGOES,13.0,54.0,74904.0,30227.0,38.56
September,2025,UNLOADED,OTHER CARGO,3.0,34.0,12125.0,18957.0,-37.7
September,2025,UNLOADED,POL PRODUCTS,6.0,54.0,104755.0,103723.0,10.36
September,2025,UNLOADED,TOTAL CEMENT,2.0,6.0,24200.0,10000.0,115.93
September,2025,UNLOADED,TOTAL COAL,10.0,69.0,584770.0,669584.0,-8.8
September,2025,UNLOADED,TOTAL CRUDE,16.0,102.0,1638551.0,1361140.0,-8.83
September,2025,UNLOADED,TOTAL LPG,17.0,69.0,286075.0,223074.0,21.16
October,2025,LOADED,CONTAINER (JSW),7.0,44.0,93584.0,76410.0,2.91
October,2025,LOADED,CRUDE - ISPRL,0.0,0.0,0.0,0.0,0.0
October,2025,LOADED,FOOD GRAINS,0.0,0.0,0.0,0.0,0.0
October,2025,LOADED,IRON ORE,7.0,6.0,482175.0,90521.0,656.18
October,2025,LOADED,OTH.LIQ.CARGOES,2.0,3.0,17300.0,0.0,307.7
October,2025,LOADED,OTHER CARGO,1.0,2.0,4199.0,4018.0,149.83
October,2025,LOADED,PETROCHEMICALS,2.0,32.0,23687.0,124536.0,-87.53
October,2025,LOADED,POL PRODUCTS,18.0,83.0,677134.0,427017.0,11.12
October,2025,LOADED,TOTAL COAL,0.0,5.0,0.0,10853.0,-38.55
October,2025,UNLOADED,CONTAINER (JSW),12.0,94.0,120039.0,111050.0,6.7
October,2025,UNLOADED,EDIBLE OIL,5.0,54.0,58501.0,114394.0,-14.24
October,2025,UNLOADED,F.R.M. (DRY),1.0,2.0,28500.0,0.0,-2.86
October,2025,UNLOADED,FERTILIZER,4.0,12.0,91878.0,31210.0,30.13
October,2025,UNLOADED,IRON ORE,2.0,2.0,241880.0,0.0,1295.81
October,2025,UNLOADED,OTH. LIQ. CARGOES,11.0,65.0,47255.0,67688.0,36.31
October,2025,UNLOADED,OTHER CARGO,2.0,45.0,80431.0,37565.0,2.81
October,2025,UNLOADED,POL PRODUCTS,13.0,63.0,124274.0,96201.0,12.88
October,2025,UNLOADED,TOTAL CEMENT,4.0,7.0,34496.0,15673.0,116.7
October,2025,UNLOADED,TOTAL COAL,10.0,81.0,499368.0,660774.0,-11.06
October,2025,UNLOADED,TOTAL CRUDE,14.0,117.0,1563242.0,1682162.0,-8.54
October,2025,UNLOADED,TOTAL LPG,15.0,81.0,300171.0,356490.0,13.43
November,2025,LOADED,CONTAINER (JSW),8.0,56.0,87441.0,86336.0,2.69
November,2025,LOADED,CRUDE - ISPRL,0.0,0.0,0.0,0.0,0.0
November,2025,LOADED,FOOD GRAINS,0.0,0.0,0.0,0.0,0.0
November,2025,LOADED,IRON ORE,6.0,6.0,445595.0,0.0,822.18
November,2025,LOADED,OTH.LIQ.CARGOES,1.0,4.0,3612.0,6402.0,197.37
November,2025,LOADED,OTHER CARGO,1.0,3.0,774.0,4074.0,76.58
November,2025,LOADED,PETROCHEMICALS,1.0,37.0,11286.0,97665.0,-87.62
November,2025,LOADED,POL PRODUCTS,15.0,99.0,593220.0,507124.0,11.91
November,2025,LOADED,TOTAL COAL,0.0,5.0,0.0,0.0,-38.55
November,2025,UNLOADED,CONTAINER (JSW),15.0,106.0,88132.0,126791.0,1.92
November,2025,UNLOADED,EDIBLE OIL,7.0,64.0,86754.0,130608.0,-17.54
November,2025,UNLOADED,F.R.M. (DRY),0.0,2.0,0.0,0.0,-2.86
November,2025,UNLOADED,FERTILIZER,0.0,15.0,0.0,97000.0,-3.17
November,2025,UNLOADED,IRON ORE,4.0,2.0,277510.0,0.0,1557.76
November,2025,UNLOADED,OTH. LIQ. CARGOES,12.0,73.0,54910.0,40624.0,36.19
November,2025,UNLOADED,OTHER CARGO,5.0,53.0,122739.0,25761.0,60.61
November,2025,UNLOADED,POL PRODUCTS,10.0,71.0,99307.0,93868.0,12.06
November,2025,UNLOADED,TOTAL CEMENT,3.0,9.0,25483.0,20674.0,98.4
November,2025,UNLOADED,TOTAL COAL,9.0,89.0,594967.0,570783.0,-9.36
November,2025,UNLOADED,TOTAL CRUDE,14.0,131.0,1436575.0,1487826.0,-7.9
November,2025,UNLOADED,TOTAL LPG,10.0,91.0,197817.0,256761.0,12.81
December,2025,LOADED,CONTAINER (JSW),9.0,70.0,104941.0,85700.0,5.06
December,2025,LOADED,CRUDE - ISPRL,0.0,0.0,0.0,0.0,0.0
December,2025,LOADED,FOOD GRAINS,0.0,0.0,0.0,0.0,0.0
December,2025,LOADED,IRON ORE,5.0,7.0,506163.0,108129.0,691.79
December,2025,LOADED,OTH.LIQ.CARGOES,4.0,4.0,26681.0,0.0,328.26
December,2025,LOADED,OTHER CARGO,0.0,4.0,0.0,4968.0,49.77
December,2025,LOADED,PETROCHEMICALS,0.0,39.0,0.0,46309.0,-88.18
December,2025,LOADED,POL PRODUCTS,19.0,112.0,671187.0,508301.0,14.32
December,2025,LOADED,TOTAL COAL,0.0,5.0,0.0,0.0,-38.55
December,2025,UNLOADED,CONTAINER (JSW),13.0,114.0,116547.0,152936.0,-1.53
December,2025,UNLOADED,EDIBLE OIL,6.0,66.0,70218.0,26972.0,-11.79
December,2025,UNLOADED,F.R.M. (DRY),0.0,3.0,0.0,13000.0,-24.69
December,2025,UNLOADED,FERTILIZER,5.0,17.0,214725.0,62000.0,31.9
December,2025,UNLOADED,IRON ORE,4.0,4.0,359550.0,112530.0,868.45
December,2025,UNLOADED,OTH. LIQ. CARGOES,16.0,82.0,98019.0,42461.0,46.07
December,2025,UNLOADED,OTHER CARGO,2.0,65.0,77733.0,72241.0,42.9
December,2025,UNLOADED,POL PRODUCTS,10.0,82.0,128624.0,136556.0,9.49
December,2025,UNLOADED,TOTAL CEMENT,4.0,12.0,32597.0,32494.0,75.31
December,2025,UNLOADED,TOTAL COAL,17.0,102.0,933608.0,667010.0,-3.69
December,2025,UNLOADED,TOTAL CRUDE,13.0,144.0,1791497.0,1403476.0,-4.13
December,2025,UNLOADED,TOTAL LPG,12.0,100.0,254750.0,255455.0,11.25
January,2026,LOADED,CONTAINER (JSW),10.0,75.0,101080.0,85317.0,6.49
January,2026,LOADED,CRUDE - ISPRL,0.0,0.0,0.0,0.0,0.0
January,2026,LOADED,FOOD GRAINS,0.0,0.0,0.0,0.0,0.0
January,2026,LOADED,IRON ORE,6.0,13.0,341827.0,258043.0,423.7
January,2026,LOADED,OTH.LIQ.CARGOES,1.0,5.0,18920.0,8010.0,274.08
January,2026,LOADED,OTHER CARGO,0.0,4.0,0.0,422.0,46.3
January,2026,LOADED,PETROCHEMICALS,1.0,41.0,11749.0,18125.0,-87.26
January,2026,LOADED,POL PRODUCTS,18.0,127.0,673364.0,667601.0,12.49
January,2026,LOADED,TOTAL COAL,0.0,6.0,0.0,21500.0,-65.87
January,2026,UNLOADED,CONTAINER (JSW),12.0,130.0,108780.0,112426.0,-1.68
January,2026,UNLOADED,EDIBLE OIL,8.0,72.0,99337.0,71192.0,-7.56
January,2026,UNLOADED,F.R.M. (DRY),0.0,3.0,0.0,0.0,-24.69
January,2026,UNLOADED,FERTILIZER,3.0,19.0,65243.0,55016.0,30.42
January,2026,UNLOADED,IRON ORE,4.0,8.0,294143.0,217250.0,453.09
January,2026,UNLOADED,OTH. LIQ. CARGOES,12.0,97.0,87254.0,81030.0,40.0
January,2026,UNLOADED,OTHER CARGO,5.0,70.0,145959.0,10695.0,95.28
January,2026,UNLOADED,POL PRODUCTS,10.0,94.0,97141.0,119247.0,6.37
January,2026,UNLOADED,TOTAL CEMENT,3.0,14.0,37400.0,16671.0,80.59
January,2026,UNLOADED,TOTAL COAL,9.0,114.0,662649.0,734380.0,-4.38
January,2026,UNLOADED,TOTAL CRUDE,11.0,160.0,1632226.0,1698297.0,-4.1
January,2026,UNLOADED,TOTAL LPG,13.0,112.0,286753.0,240804.0,12.04
February,2026,LOADED,CONTAINER (JSW),7.0,79.0,96738.0,89082.0,6.7
February,2026,LOADED,CRUDE - ISPRL,0.0,0.0,0.0,0.0,0.0
February,2026,LOADED,FOOD GRAINS,0.0,0.0,0.0,0.0,0.0
February,2026,LOADED,IRON ORE,6.0,25.0,357904.0,534824.0,214.8
February,2026,LOADED,OTH.LIQ.CARGOES,0.0,6.0,0.0,5513.0,213.26
February,2026,LOADED,OTHER CARGO,0.0,4.0,0.0,46.0,45.94
February,2026,LOADED,PETROCHEMICALS,1.0,42.0,5921.0,23571.0,-86.98
February,2026,LOADED,POL PRODUCTS,10.0,142.0,440245.0,640914.0,7.45
February,2026,LOADED,TOTAL COAL,0.0,6.0,0.0,0.0,-65.87
February,2026,UNLOADED,CONTAINER (JSW),12.0,145.0,86193.0,90558.0,-1.89
February,2026,UNLOADED,EDIBLE OIL,8.0,79.0,95380.0,83431.0,-5.63
February,2026,UNLOADED,F.R.M. (DRY),0.0,3.0,26600.0,0.0,21.3
February,2026,UNLOADED,FERTILIZER,3.0,19.0,77662.0,0.0,46.08
February,2026,UNLOADED,IRON ORE,5.0,11.0,274921.0,220000.0,309.45
February,2026,UNLOADED,OTH. LIQ. CARGOES,16.0,110.0,82539.0,68629.0,37.66
February,2026,UNLOADED,OTHER CARGO,6.0,73.0,108841.0,8585.0,130.96
February,2026,UNLOADED,POL PRODUCTS,11.0,105.0,144848.0,138426.0,6.17
February,2026,UNLOADED,TOTAL CEMENT,2.0,17.0,20500.0,46460.0,49.08
February,2026,UNLOADED,TOTAL COAL,14.0,126.0,858026.0,816392.0,-3.32
February,2026,UNLOADED,TOTAL CRUDE,12.0,174.0,1234290.0,1473137.0,-5.19
February,2026,UNLOADED,TOTAL LPG,12.0,123.0,301066.0,229193.0,13.73
March,2026,LOADED,CONTAINER (JSW),7.0,85.0,99790.0,106053.0,5.36
March,2026,LOADED,CRUDE - ISPRL,0.0,0.0,0.0,0.0,0.0
March,2026,LOADED,FOOD GRAINS,0.0,0.0,0.0,0.0,0.0
March,2026,LOADED,IRON ORE,6.0,27.0,319130.0,59808.0,225.44
March,2026,LOADED,OTH.LIQ.CARGOES,1.0,8.0,4673.0,10704.0,148.57
March,2026,LOADED,OTHER CARGO,3.0,5.0,8199.0,4073.0,56.03
March,2026,LOADED,PETROCHEMICALS,0.0,45.0,0.0,24542.0,-87.27
March,2026,LOADED,POL PRODUCTS,16.0,155.0,451206.0,632888.0,3.76
March,2026,LOADED,TOTAL COAL,0.0,6.0,0.0,0.0,-65.87
March,2026,UNLOADED,CONTAINER (JSW),17.0,164.0,116727.0,115480.0,-1.66
March,2026,UNLOADED,EDIBLE OIL,3.0,86.0,53938.0,102561.0,-9.71
March,2026,UNLOADED,F.R.M. (DRY),1.0,3.0,200.0,0.0,21.65
March,2026,UNLOADED,FERTILIZER,1.0,21.0,19679.0,50257.0,36.24
March,2026,UNLOADED,IRON ORE,3.0,15.0,161570.0,220000.0,225.04
March,2026,UNLOADED,OTH. LIQ. CARGOES,6.0,122.0,46076.0,64219.0,31.1
March,2026,UNLOADED,OTHER CARGO,4.0,77.0,156665.0,18638.0,172.02
March,2026,UNLOADED,POL PRODUCTS,6.0,113.0,130922.0,110926.0,7.48
March,2026,UNLOADED,TOTAL CEMENT,3.0,21.0,63205.0,48596.0,45.38
March,2026,UNLOADED,TOTAL COAL,13.0,143.0,946338.0,1028930.0,-3.9
March,2026,UNLOADED,TOTAL CRUDE,13.0,191.0,1446730.0,1768581.0,-6.46
March,2026,UNLOADED,TOTAL LPG,7.0,134.0,142104.0,269780.0,8.02
April,2026,LOADED,CONTAINER (JSW),5.0,9.0,90777.0,78059.0,16.29
April,2026,LOADED,CRUDE - ISPRL,1.0,0.0,276825.0,0.0,0.0
April,2026,LOADED,FOOD GRAINS,0.0,0.0,0.0,0.0,0.0
April,2026,LOADED,IRON ORE,2.0,4.0,119490.0,271766.0,-56.03
April,2026,LOADED,OTH.LIQ.CARGOES,3.0,1.0,36572.0,8022.0,355.9
April,2026,LOADED,OTHER CARGO,2.0,0.0,29000.0,0.0,0.0
April,2026,LOADED,PETROCHEMICALS,0.0,1.0,0.0,11544.0,-100.0
April,2026,LOADED,POL PRODUCTS,22.0,9.0,562016.0,306488.0,83.37
April,2026,LOADED,TOTAL COAL,0.0,0.0,0.0,0.0,0.0
April,2026,UNLOADED,CONTAINER (JSW),12.0,16.0,86106.0,106276.0,-18.98
April,2026,UNLOADED,EDIBLE OIL,8.0,2.0,112501.0,27716.0,305.91
April,2026,UNLOADED,F.R.M. (DRY),0.0,1.0,0.0,15050.0,-100.0
April,2026,UNLOADED,FERTILIZER,4.0,2.0,92923.0,9255.0,904.03
April,2026,UNLOADED,IRON ORE,1.0,0.0,81700.0,0.0,0.0
April,2026,UNLOADED,OTH. LIQ. CARGOES,7.0,9.0,61043.0,42456.0,43.78
April,2026,UNLOADED,OTHER CARGO,3.0,3.0,79397.0,5273.0,1405.73
April,2026,UNLOADED,POL PRODUCTS,6.0,9.0,30180.0,106615.0,-71.69
April,2026,UNLOADED,TOTAL CEMENT,4.0,3.0,24400.0,32181.0,-24.18
April,2026,UNLOADED,TOTAL COAL,11.0,15.0,450448.0,920891.0,-51.09
April,2026,UNLOADED,TOTAL CRUDE,13.0,14.0,1623945.0,1366539.0,18.84
April,2026,UNLOADED,TOTAL LPG,8.0,11.0,183546.0,201876.0,-9.08
May,2026,LOADED,CONTAINER (JSW),6.0,16.0,78144.0,68831.0,15.0
May,2026,LOADED,CRUDE - ISPRL,1.0,0.0,139734.0,0.0,0.0
May,2026,LOADED,FOOD GRAINS,0.0,0.0,0.0,0.0,0.0
May,2026,LOADED,IRON ORE,5.0,8.0,269117.0,171718.0,-12.37
May,2026,LOADED,OTH.LIQ.CARGOES,2.0,1.0,21011.0,0.0,617.81
May,2026,LOADED,OTHER CARGO,2.0,1.0,28672.0,226.0,25418.58
May,2026,LOADED,PETROCHEMICALS,1.0,3.0,11461.0,17783.0,-60.92
May,2026,LOADED,POL PRODUCTS,14.0,21.0,429753.0,470704.0,27.61
May,2026,LOADED,TOTAL COAL,0.0,0.0,0.0,0.0,0.0
May,2026,UNLOADED,CONTAINER (JSW),12.0,31.0,111654.0,139556.0,-19.55
May,2026,UNLOADED,EDIBLE OIL,5.0,9.0,56711.0,82441.0,53.61
May,2026,UNLOADED,F.R.M. (DRY),0.0,1.0,0.0,0.0,-100.0
May,2026,UNLOADED,FERTILIZER,4.0,5.0,97852.0,72172.0,128.86
May,2026,UNLOADED,IRON ORE,4.0,4.0,299289.0,228250.0,66.92
May,2026,UNLOADED,OTH. LIQ. CARGOES,11.0,24.0,46776.0,66726.0,-1.25
May,2026,UNLOADED,OTHER CARGO,4.0,7.0,143232.0,9327.0,1424.86
May,2026,UNLOADED,POL PRODUCTS,6.0,19.0,57725.0,101550.0,-57.77
May,2026,UNLOADED,TOTAL CEMENT,2.0,5.0,41290.0,31050.0,3.89
May,2026,UNLOADED,TOTAL COAL,12.0,28.0,715272.0,846052.0,-34.03
May,2026,UNLOADED,TOTAL CRUDE,16.0,29.0,1397035.0,1288899.0,13.77
May,2026,UNLOADED,TOTAL LPG,7.0,26.0,238181.0,252508.0,-7.19
January,2021,UNLOADED,TOTAL CRUDE,11.0,,1362590.0,1185896.0,7.34
January,2021,UNLOADED,TOTAL LPG,11.0,,217897.0,226208.0,10.19
January,2021,UNLOADED,POL PRODUCTS,6.0,,53189.0,79512.0,-13.4
January,2021,UNLOADED,EDIBLE OIL,5.0,,62173.0,66248.0,1.5
January,2021,UNLOADED,OTH. LIQ. CARGOES,14.0,,68236.0,37141.0,24.87
January,2021,UNLOADED,FERTILIZER,2.0,,79631.0,60575.0,48.54
January,2021,UNLOADED,F.R.M. (DRY),0.0,,0.0,0.0,-5.94
January,2021,UNLOADED,TOTAL CEMENT,4.0,,33193.0,25456.0,0.13
January,2021,UNLOADED,TOTAL COAL,3.0,,153882.0,459928.0,-35.85
January,2021,UNLOADED,IRON ORE,3.0,,155533.0,215450.0,-12.68
January,2021,UNLOADED,OTHER CARGO,12.0,,46216.0,,4.05
January,2021,UNLOADED,CONTAINER,12.0,,147671.0,138204.0,-4.05
January,2021,LOADED,IRON ORE,3.0,,193723.0,280406.0,-10.14
January,2021,LOADED,TOTAL COAL,0.0,,0.0,16320.0,-14.56
January,2021,LOADED,CRUDE - ISPRL,0.0,,0.0,0.0,0.2
January,2021,LOADED,POL PRODUCTS,10.0,,340378.0,364156.0,-32.03
January,2021,LOADED,PETROCHEMICALS,6.0,,98296.0,93623.0,-12.01
January,2021,LOADED,OTH.LIQ.CARGOES,1.0,,5801.0,0.0,0.0
January,2021,LOADED,FOOD GRAINS,0.0,,0.0,0.0,-100.0
January,2021,LOADED,OTHER CARGO,0.0,,0.0,0.0,-49.72
January,2021,LOADED,CONTAINER,6.0,,78894.0,57125.0,14.95
January,2021,CATEGORY_TOTAL,GRAND TOTAL (A+B+C+D),109.0,,3122215.0,,-6.48
January,2021,CATEGORY_TOTAL,a) Dry Bulk (Total),16.0,,639962.0,,-18.9
January,2021,CATEGORY_TOTAL,b) Break Bulk,11.0,,24820.0,,34.65
January,2021,CATEGORY_TOTAL,c) Liquid Bulk,64.0,,2230868.0,,-1.79
January,2021,CATEGORY_TOTAL,d) Containers (In Tons),18.0,,226565.0,,1.79
January,2021,CATEGORY_TOTAL,GRAND TOTAL,109.0,,3122215.0,,-6.48
February,2021,UNLOADED,TOTAL CRUDE,12.0,,1425740.0,1607759.0,4.84
February,2021,UNLOADED,TOTAL LPG,10.0,,214613.0,195256.0,10.17
February,2021,UNLOADED,POL PRODUCTS,9.0,,105318.0,99900.0,-11.67
February,2021,UNLOADED,EDIBLE OIL,3.0,,14758.0,49842.0,-3.71
February,2021,UNLOADED,OTH. LIQ. CARGOES,12.0,,49204.0,56559.0,19.47
February,2021,UNLOADED,FERTILIZER,1.0,,36220.0,0.0,56.43
February,2021,UNLOADED,F.R.M. (DRY),0.0,,0.0,0.0,-5.94
February,2021,UNLOADED,TOTAL CEMENT,4.0,,27397.0,20336.0,2.3
February,2021,UNLOADED,TOTAL COAL,6.0,,350045.0,263005.0,-31.68
February,2021,UNLOADED,IRON ORE,6.0,,330000.0,273279.0,-8.77
February,2021,UNLOADED,OTHER CARGO,9.0,,29949.0,99693.0,-14.1
February,2021,UNLOADED,CONTAINER,10.0,,129130.0,144231.0,-4.7
February,2021,LOADED,IRON ORE,3.0,,214303.0,164913.0,-7.23
February,2021,LOADED,TOTAL COAL,0.0,,0.0,,-17.22
February,2021,LOADED,CRUDE - ISPRL,0.0,,0.0,0.0,0.2
February,2021,LOADED,POL PRODUCTS,12.0,,448184.0,263517.0,-26.13
February,2021,LOADED,PETROCHEMICALS,6.0,,110663.0,84507.0,-7.1
February,2021,LOADED,OTH.LIQ.CARGOES,1.0,,6350.0,0.0,0.0
February,2021,LOADED,FOOD GRAINS,0.0,,0.0,0.0,-100.0
February,2021,LOADED,OTHER CARGO,1.0,,1100.0,750.0,-48.73
February,2021,LOADED,CONTAINER,7.0,,67308.0,57684.0,15.12
February,2021,CATEGORY_TOTAL,GRAND TOTAL (A+B+C+D),112.0,,3565841.0,,-5.31
February,2021,CATEGORY_TOTAL,a) Dry Bulk (Total),20.0,,957965.0,,-15.66
February,2021,CATEGORY_TOTAL,b) Break Bulk,10.0,,33716.0,,24.27
February,2021,CATEGORY_TOTAL,c) Liquid Bulk,65.0,,2377722.0,,-1.51
February,2021,CATEGORY_TOTAL,d) Containers (In Tons),17.0,,196438.0,,1.34
February,2021,CATEGORY_TOTAL,GRAND TOTAL,112.0,,3565841.0,,-5.31
March,2021,UNLOADED,TOTAL CRUDE,12.0,,,1742649.0,2.19
March,2021,UNLOADED,TOTAL LPG,13.0,,227968.0,232844.0,9.05
March,2021,UNLOADED,POL PRODUCTS,8.0,,65981.0,103639.0,-13.82
March,2021,UNLOADED,EDIBLE OIL,5.0,,61992.0,45954.0,-0.42
March,2021,UNLOADED,OTH. LIQ. CARGOES,13.0,,69485.0,53098.0,20.81
March,2021,UNLOADED,FERTILIZER,1.0,,60208.0,58781.0,50.3
March,2021,UNLOADED,F.R.M. (DRY),0.0,,0.0,,-18.11
March,2021,UNLOADED,TOTAL CEMENT,4.0,,35151.0,32440.0,2.86
March,2021,UNLOADED,TOTAL COAL,9.0,,364068.0,714020.0,-34.12
March,2021,UNLOADED,IRON ORE,4.0,,212230.0,215000.0,-8.14
March,2021,UNLOADED,OTHER CARGO,11.0,,22355.0,26668.0,-14.23
March,2021,UNLOADED,CONTAINER,10.0,,144529.0,165859.0,-5.56
March,2021,LOADED,IRON ORE,5.0,,275885.0,164059.0,-2.16
March,2021,LOADED,TOTAL COAL,0.0,,0.0,,-26.1
March,2021,LOADED,CRUDE - ISPRL,0.0,,0.0,0.0,0.2
March,2021,LOADED,POL PRODUCTS,12.0,,551954.0,448403.0,-21.73
March,2021,LOADED,PETROCHEMICALS,8.0,,104170.0,81589.0,-3.65
March,2021,LOADED,OTH.LIQ.CARGOES,1.0,,4306.0,0.0,0.0
March,2021,LOADED,FOOD GRAINS,0.0,,0.0,0.0,-100.0
March,2021,LOADED,OTHER CARGO,5.0,,83620.0,15750.0,36.58
March,2021,LOADED,CONTAINER,6.0,,88722.0,81227.0,14.43
March,2021,CATEGORY_TOTAL,GRAND TOTAL (A+B+C+D),127.0,,4021393.0,,-6.76
March,2021,CATEGORY_TOTAL,a) Dry Bulk (Total),23.0,,1029457.0,,-18.49
March,2021,CATEGORY_TOTAL,b) Break Bulk,16.0,,111685.0,,49.86
March,2021,CATEGORY_TOTAL,c) Liquid Bulk,72.0,,2647000.0,,-2.58
March,2021,CATEGORY_TOTAL,d) Containers (In Tons),16.0,,233251.0,,0.59
March,2021,CATEGORY_TOTAL,GRAND TOTAL,127.0,,4021393.0,,-6.76
April,2021,UNLOADED,TOTAL CRUDE,8.0,,911742.0,1868657.0,-51.21
April,2021,UNLOADED,TOTAL LPG,11.0,,182521.0,194722.0,-6.27
April,2021,UNLOADED,POL PRODUCTS,8.0,,82727.0,122334.0,-32.38
April,2021,UNLOADED,EDIBLE OIL,5.0,,59141.0,67519.0,-12.41
April,2021,UNLOADED,OTH. LIQ. CARGOES,9.0,,53453.0,6675.0,700.79
April,2021,UNLOADED,FERTILIZER,1.0,,12370.0,46175.0,-73.21
April,2021,UNLOADED,F.R.M. (DRY),2.0,,51500.0,0.0,0.0
April,2021,UNLOADED,TOTAL CEMENT,8.0,,47196.0,0.0,0.0
April,2021,UNLOADED,TOTAL COAL,10.0,,557178.0,185601.0,200.2
April,2021,UNLOADED,IRON ORE,4.0,,223782.0,111300.0,101.06
April,2021,UNLOADED,OTHER CARGO,9.0,,85884.0,37037.0,131.89
April,2021,UNLOADED,CONTAINER,13.0,,142156.0,63378.0,124.3
April,2021,LOADED,IRON ORE,3.0,,171147.0,111996.0,52.82
April,2021,LOADED,TOTAL COAL,0.0,,0.0,0.0,0.0
April,2021,LOADED,CRUDE - ISPRL,0.0,,0.0,0.0,0.0
April,2021,LOADED,POL PRODUCTS,8.0,,318651.0,322757.0,-1.27
April,2021,LOADED,PETROCHEMICALS,6.0,,86034.0,31897.0,169.72
April,2021,LOADED,OTH.LIQ.CARGOES,0.0,,0.0,0.0,0.0
April,2021,LOADED,FOOD GRAINS,0.0,,0.0,0.0,0.0
April,2021,LOADED,OTHER CARGO,2.0,,36400.0,5081.0,616.39
April,2021,LOADED,CONTAINER,3.0,,72940.0,18166.0,301.52
April,2021,CATEGORY_TOTAL,GRAND TOTAL (A+B+C+D),110.0,,3100787.0,,-3.85
April,2021,CATEGORY_TOTAL,a) Dry Bulk (Total),29.0,,1132753.0,,120.77
April,2021,CATEGORY_TOTAL,b) Break Bulk,10.0,,52704.0,,464.22
April,2021,CATEGORY_TOTAL,c) Liquid Bulk,55.0,,1700234.0,,-35.13
April,2021,CATEGORY_TOTAL,d) Containers (In Tons),16.0,,215096.0,,163.78
April,2021,CATEGORY_TOTAL,GRAND TOTAL,110.0,,3100787.0,,-3.85
May,2021,UNLOADED,TOTAL CRUDE,10.0,,962527.0,1912252.0,-50.43
May,2021,UNLOADED,TOTAL LPG,12.0,,219835.0,219607.0,-2.89
May,2021,UNLOADED,POL PRODUCTS,7.0,,99800.0,92087.0,-14.87
May,2021,UNLOADED,EDIBLE OIL,6.0,,61956.0,59784.0,-4.87
May,2021,UNLOADED,OTH. LIQ. CARGOES,12.0,,51376.0,43001.0,111.03
May,2021,UNLOADED,FERTILIZER,1.0,,26000.0,25748.0,-46.65
May,2021,UNLOADED,F.R.M. (DRY),0.0,,0.0,17000.0,202.94
May,2021,UNLOADED,TOTAL CEMENT,6.0,,44988.0,33033.0,179.07
May,2021,UNLOADED,TOTAL COAL,10.0,,698517.0,215176.0,213.32
May,2021,UNLOADED,IRON ORE,6.0,,314968.0,161325.0,97.62
May,2021,UNLOADED,OTHER CARGO,7.0,,109394.0,19883.0,243.07
May,2021,UNLOADED,CONTAINER,11.0,,131839.0,89782.0,78.89
May,2021,LOADED,IRON ORE,5.0,,275361.0,200925.0,42.69
May,2021,LOADED,TOTAL COAL,1.0,,27500.0,53057.0,-48.17
May,2021,LOADED,CRUDE - ISPRL,0.0,,0.0,0.0,0.0
May,2021,LOADED,POL PRODUCTS,8.0,,317610.0,320453.0,-1.08
May,2021,LOADED,PETROCHEMICALS,3.0,,41494.0,46113.0,63.48
May,2021,LOADED,OTH.LIQ.CARGOES,0.0,,0.0,0.0,0.0
May,2021,LOADED,FOOD GRAINS,0.0,,0.0,0.0,0.0
May,2021,LOADED,OTHER CARGO,1.0,,500.0,,251.43
May,2021,LOADED,CONTAINER,4.0,,65379.0,77768.0,44.18
May,2021,CATEGORY_TOTAL,GRAND TOTAL (A+B+C+,,,3468201.0,,-3.69
May,2021,CATEGORY_TOTAL,a) Dry Bulk (Total),31.0,,1498269.0,,114.82
May,2021,CATEGORY_TOTAL,b) Break Bulk,6.0,,13213.0,,125.56
May,2021,CATEGORY_TOTAL,c) Liquid Bulk,58.0,,1759501.0,,-34.94
May,2021,CATEGORY_TOTAL,d) Containers (In Tons),15.0,,197218.0,,65.53
May,2021,CATEGORY_TOTAL,GRAND TOTAL,110.0,,3468201.0,,-3.69
June,2021,UNLOADED,TOTAL CRUDE,11.0,,1053320.0,429253.0,-30.46
June,2021,UNLOADED,TOTAL LPG,12.0,,225769.0,228863.0,-2.34
June,2021,UNLOADED,POL PRODUCTS,7.0,,76261.0,73912.0,-10.25
June,2021,UNLOADED,EDIBLE OIL,4.0,,48909.0,58413.0,-8.46
June,2021,UNLOADED,OTH. LIQ. CARGOES,11.0,,54666.0,68976.0,34.42
June,2021,UNLOADED,FERTILIZER,1.0,,28820.0,46325.0,-43.18
June,2021,UNLOADED,F.R.M. (DRY),1.0,,10000.0,0.0,261.76
June,2021,UNLOADED,TOTAL CEMENT,1.0,,6834.0,43443.0,29.48
June,2021,UNLOADED,TOTAL COAL,9.0,,406724.0,447994.0,95.86
June,2021,UNLOADED,IRON ORE,5.0,,246545.0,252449.0,49.56
June,2021,UNLOADED,OTHER CARGO,1.0,,6937.0,51692.0,86.18
June,2021,UNLOADED,CONTAINER,12.0,,175515.0,132221.0,57.51
June,2021,UNLOADED,IRON ORE,4.0,,207709.0,271718.0,11.9
June,2021,UNLOADED,TOTAL COAL,0.0,,0.0,,-50.08
June,2021,UNLOADED,CRUDE - ISPRL,0.0,,0.0,0.0,0.0
June,2021,UNLOADED,POL PRODUCTS,13.0,,448528.0,235279.0,23.48
June,2021,UNLOADED,PETROCHEMICALS,5.0,,96236.0,16275.0,137.33
June,2021,UNLOADED,OTH.LIQ.CARGOES,0.0,,0.0,4343.0,-100.0
June,2021,UNLOADED,FOOD GRAINS,0.0,,0.0,0.0,0.0
June,2021,UNLOADED,OTHER CARGO,2.0,,10400.0,13121.0,100.25
June,2021,UNLOADED,CONTAINER,7.0,,82549.0,60909.0,40.82
June,2021,CATEGORY_TOTAL,GRAND TOTAL (A+B+C+,,,3206251.0,,5.12
June,2021,CATEGORY_TOTAL,a) Dry Bulk (Total),21.0,,914373.0,,51.99
June,2021,CATEGORY_TOTAL,b) Break Bulk,3.0,,25305.0,,17.63
June,2021,CATEGORY_TOTAL,c) Liquid Bulk,63.0,,2008509.0,,-15.18
June,2021,CATEGORY_TOTAL,d) Containers (In Tons),19.0,,258064.0,,51.59
June,2021,CATEGORY_TOTAL,GRAND TOTAL,106.0,,3206251.0,,5.12
July,2021,UNLOADED,TOTAL CRUDE,14.0,,,459109.0,-13.99
July,2021,UNLOADED,TOTAL LPG,13.0,,232420.0,239432.0,-2.5
July,2021,UNLOADED,POL PRODUCTS,9.0,,90012.0,103247.0,-10.92
July,2021,UNLOADED,EDIBLE OIL,4.0,,42832.0,82844.0,-20.75
July,2021,UNLOADED,OTH. LIQ. CARGOES,11.0,,46686.0,55991.0,18.06
July,2021,UNLOADED,FERTILIZER,0.0,,38884.0,44238.0,-34.72
July,2021,UNLOADED,F.R.M. (DRY),1.0,,25000.0,19080.0,139.75
July,2021,UNLOADED,TOTAL CEMENT,3.0,,10205.0,32587.0,0.15
July,2021,UNLOADED,TOTAL COAL,7.0,,197294.0,167059.0,83.07
July,2021,UNLOADED,IRON ORE,3.0,,189250.0,277560.0,21.42
July,2021,UNLOADED,OTHER CARGO,1.0,,4495.0,28656.0,50.59
July,2021,UNLOADED,CONTAINER,10.0,,124868.0,121359.0,41.22
July,2021,LOADED,IRON ORE,2.0,,110147.0,224185.0,-5.5
July,2021,LOADED,TOTAL COAL,1.0,,9357.0,0.0,-33.1
July,2021,LOADED,CRUDE - ISPRL,0.0,,0.0,0.0,0.0
July,2021,LOADED,POL PRODUCTS,7.0,,291711.0,232914.0,23.85
July,2021,LOADED,PETROCHEMICALS,5.0,,104399.0,69334.0,100.57
July,2021,LOADED,OTH.LIQ.CARGOES,0.0,,3999.0,0.0,-7.92
July,2021,LOADED,FOOD GRAINS,0.0,,0.0,0.0,0.0
July,2021,LOADED,OTHER CARGO,3.0,,24548.0,10379.0,111.32
July,2021,LOADED,CONTAINER,5.0,,84290.0,64765.0,37.7
July,2021,CATEGORY_TOTAL,GRAND TOTAL (A+B+C+D,,,2727583.0,,8.16
July,2021,CATEGORY_TOTAL,a) Dry Bulk (Total),17.0,,580137.0,,33.19
July,2021,CATEGORY_TOTAL,b) Break Bulk,4.0,,34530.0,,5.5
July,2021,CATEGORY_TOTAL,c) Liquid Bulk,63.0,,1903758.0,,-4.45
July,2021,CATEGORY_TOTAL,d) Containers (In Tons),15.0,,209158.0,,39.98
July,2021,CATEGORY_TOTAL,GRAND TOTAL,99.0,,2727583.0,,8.16
August,2021,UNLOADED,TOTAL CRUDE,14.0,,,986866.0,-9.38
August,2021,UNLOADED,TOTAL LPG,15.0,,248081.0,243939.0,-1.59
August,2021,UNLOADED,POL PRODUCTS,6.0,,50589.0,95868.0,-18.07
August,2021,UNLOADED,EDIBLE OIL,7.0,,46559.0,61424.0,-21.39
August,2021,UNLOADED,OTH. LIQ. CARGOES,9.0,,42852.0,42350.0,14.77
August,2021,UNLOADED,FERTILIZER,2.0,,16766.0,104516.0,-53.99
August,2021,UNLOADED,F.R.M. (DRY),0.0,,0.0,0.0,139.75
August,2021,UNLOADED,TOTAL CEMENT,2.0,,10586.0,20566.0,-7.58
August,2021,UNLOADED,TOTAL COAL,6.0,,160364.0,247951.0,59.84
August,2021,UNLOADED,IRON ORE,4.0,,195750.0,109070.0,28.36
August,2021,UNLOADED,OTHER CARGO,6.0,,44682.0,13446.0,1769.64
August,2021,UNLOADED,CONTAINER,8.0,,102110.0,158396.0,19.7
August,2021,LOADED,IRON ORE,2.0,,113499.0,276171.0,-19.09
August,2021,LOADED,TOTAL COAL,1.0,,6272.0,0.0,-21.71
August,2021,LOADED,CRUDE - ISPRL,0.0,,0.0,0.0,0.0
August,2021,LOADED,POL PRODUCTS,11.0,,397716.0,188565.0,36.48
August,2021,LOADED,PETROCHEMICALS,4.0,,81696.0,61460.0,82.1
August,2021,LOADED,OTH.LIQ.CARGOES,1.0,,0.0,8114.0,-67.9
August,2021,LOADED,FOOD GRAINS,0.0,,0.0,0.0,0.0
August,2021,LOADED,OTHER CARGO,0.0,,12825.0,551.0,145.07
August,2021,LOADED,CONTAINER,5.0,,58518.0,67759.0,25.68
August,2021,CATEGORY_TOTAL,GRAND TOTAL (A+B+C+D,,,2709105.0,,6.58
August,2021,CATEGORY_TOTAL,a) Dry Bulk (Total),17.0,,532637.0,,20.81
August,2021,CATEGORY_TOTAL,b) Break Bulk,6.0,,33429.0,,14.92
August,2021,CATEGORY_TOTAL,c) Liquid Bulk,67.0,,1982411.0,,-0.74
August,2021,CATEGORY_TOTAL,d) Containers (In Tons),13.0,,160628.0,,21.73
August,2021,CATEGORY_TOTAL,GRAND TOTAL,103.0,,2709105.0,,6.58
September,2021,UNLOADED,TOTAL CRUDE,10.0,,804687.0,900069.0,-9.54
September,2021,UNLOADED,TOTAL LPG,14.0,,247716.0,246373.0,-1.21
September,2021,UNLOADED,POL PRODUCTS,8.0,,100484.0,93850.0,-14.01
September,2021,UNLOADED,EDIBLE OIL,10.0,,124549.0,33903.0,5.51
September,2021,UNLOADED,OTH. LIQ. CARGOES,13.0,,64070.0,30746.0,26.38
September,2021,UNLOADED,FERTILIZER,1.0,,47250.0,45160.0,-45.51
September,2021,UNLOADED,F.R.M. (DRY),0.0,,0.0,0.0,139.75
September,2021,UNLOADED,TOTAL CEMENT,3.0,,20545.0,21163.0,-6.92
September,2021,UNLOADED,TOTAL COAL,7.0,,339109.0,80014.0,75.56
September,2021,UNLOADED,IRON ORE,1.0,,118514.0,84314.0,29.4
September,2021,UNLOADED,OTHER CARGO,11.0,,63042.0,23965.0,80.01
September,2021,UNLOADED,CONTAINER,7.0,,132262.0,125873.0,17.04
September,2021,LOADED,IRON ORE,2.0,,95506.0,76510.0,-16.2
September,2021,LOADED,TOTAL COAL,0.0,,0.0,0.0,-21.71
September,2021,LOADED,CRUDE - ISPRL,0.0,,0.0,0.0,0.0
September,2021,LOADED,POL PRODUCTS,6.0,,296589.0,334633.0,26.69
September,2021,LOADED,PETROCHEMICALS,7.0,,85358.0,99512.0,52.57
September,2021,LOADED,OTH.LIQ.CARGOES,1.0,,5399.0,586.0,-27.95
September,2021,LOADED,FOOD GRAINS,2.0,,916.0,0.0,0.0
September,2021,LOADED,OTHER CARGO,1.0,,9841.0,0.0,173.55
September,2021,LOADED,CONTAINER,6.0,,79104.0,63714.0,25.4
September,2021,CATEGORY_TOTAL,GRAND TOTAL (A+B+C+D,,,2647675.0,,8.01
September,2021,CATEGORY_TOTAL,a) Dry Bulk (Total),17.0,,666242.0,,27.9
September,2021,CATEGORY_TOTAL,b) Break Bulk,11.0,,37658.0,,21.15
September,2021,CATEGORY_TOTAL,c) Liquid Bulk,69.0,,1732409.0,,-0.7
September,2021,CATEGORY_TOTAL,d) Containers (In Tons),13.0,,211366.0,,19.87
September,2021,CATEGORY_TOTAL,GRAND TOTAL,110.0,,2647675.0,,8.01
October,2021,UNLOADED,TOTAL CRUDE,11.0,,1315487.0,983068.0,-3.89
October,2021,UNLOADED,TOTAL LPG,13.0,,252173.0,282645.0,-2.84
October,2021,UNLOADED,POL PRODUCTS,8.0,,67777.0,91550.0,-15.63
October,2021,UNLOADED,EDIBLE OIL,7.0,,63261.0,42997.0,9.91
October,2021,UNLOADED,OTH. LIQ. CARGOES,11.0,,37321.0,24706.0,28.62
October,2021,UNLOADED,FERTILIZER,0.0,,0.0,148280.0,-63.06
October,2021,UNLOADED,F.R.M. (DRY),0.0,,0.0,0.0,139.75
October,2021,UNLOADED,TOTAL CEMENT,2.0,,14262.0,33986.0,-16.32
October,2021,UNLOADED,TOTAL COAL,6.0,,172331.0,509283.0,36.61
October,2021,UNLOADED,IRON ORE,1.0,,36045.0,119250.0,18.79
October,2021,UNLOADED,OTHER CARGO,14.0,,127538.0,28108.0,117.95
October,2021,UNLOADED,CONTAINER,3.0,,80460.0,131184.0,8.15
October,2021,LOADED,IRON ORE,3.0,,164953.0,95576.0,-9.45
October,2021,LOADED,TOTAL COAL,0.0,,0.0,0.0,-21.71
October,2021,LOADED,CRUDE - ISPRL,0.0,,136326.0,0.0,0.0
October,2021,LOADED,POL PRODUCTS,13.0,,422200.0,287048.0,29.73
October,2021,LOADED,PETROCHEMICALS,6.0,,100919.0,56337.0,56.5
October,2021,LOADED,OTH.LIQ.CARGOES,0.0,,0.0,4065.0,-45.07
October,2021,LOADED,FOOD GRAINS,0.0,,0.0,0.0,0.0
October,2021,LOADED,OTHER CARGO,2.0,,44485.0,0.0,302.3
October,2021,LOADED,CONTAINER,7.0,,73410.0,82293.0,18.56
October,2021,CATEGORY_TOTAL,GRAND TOTAL (A+B+C+D,,,3132375.0,,7.79
October,2021,CATEGORY_TOTAL,a) Dry Bulk (Total),13.0,,492724.0,,14.74
October,2021,CATEGORY_TOTAL,b) Break Bulk,15.0,,82773.0,,45.17
October,2021,CATEGORY_TOTAL,c) Liquid Bulk,69.0,,2403008.0,,4.13
October,2021,CATEGORY_TOTAL,d) Containers (In Tons),10.0,,153870.0,,11.76
October,2021,CATEGORY_TOTAL,GRAND TOTAL,107.0,,3132375.0,,7.79
November,2021,UNLOADED,TOTAL CRUDE,9.0,,920413.0,826229.0,-2.38
November,2021,UNLOADED,TOTAL LPG,13.0,,220922.0,229334.0,-2.94
November,2021,UNLOADED,POL PRODUCTS,5.0,,84150.0,63218.0,-11.45
November,2021,UNLOADED,EDIBLE OIL,2.0,,22057.0,86490.0,-4.89
November,2021,UNLOADED,OTH. LIQ. CARGOES,4.0,,20505.0,45008.0,16.85
November,2021,UNLOADED,FERTILIZER,0.0,,0.0,117286.0,-70.56
November,2021,UNLOADED,F.R.M. (DRY),0.0,,0.0,0.0,139.75
November,2021,UNLOADED,TOTAL CEMENT,3.0,,21563.0,45123.0,-23.37
November,2021,UNLOADED,TOTAL COAL,5.0,,189492.0,294373.0,26.71
November,2021,UNLOADED,IRON ORE,3.0,,164950.0,260110.0,8.32
November,2021,UNLOADED,OTHER CARGO,11.0,,135446.0,39262.0,138.55
November,2021,UNLOADED,CONTAINER,6.0,,90804.0,110122.0,5.12
November,2021,LOADED,IRON ORE,1.0,,55357.0,227660.0,-19.6
November,2021,LOADED,TOTAL COAL,0.0,,0.0,0.0,-21.71
November,2021,LOADED,CRUDE - ISPRL,2.0,,279196.0,114385.0,263.27
November,2021,LOADED,POL PRODUCTS,13.0,,580371.0,313200.0,37.52
November,2021,LOADED,PETROCHEMICALS,3.0,,64634.0,21431.0,64.22
November,2021,LOADED,OTH.LIQ.CARGOES,0.0,,0.0,5709.0,-58.81
November,2021,LOADED,FOOD GRAINS,0.0,,0.0,0.0,0.0
November,2021,LOADED,OTHER CARGO,2.0,,18759.0,28.0,356.22
November,2021,LOADED,CONTAINER,5.0,,65490.0,51685.0,19.43
November,2021,CATEGORY_TOTAL,GRAND TOTAL (A+B+C+D),87.0,,2980893.0,,7.36
November,2021,CATEGORY_TOTAL,a) Dry Bulk (Total),14.0,,582630.0,,6.4
November,2021,CATEGORY_TOTAL,b) Break Bulk,11.0,,44376.0,,38.18
November,2021,CATEGORY_TOTAL,c) Liquid Bulk,51.0,,2197593.0,,7.0
November,2021,CATEGORY_TOTAL,d) Containers (In Tons),11.0,,156294.0,,10.03
November,2021,CATEGORY_TOTAL,GRAND TOTAL,87.0,,2980893.0,,7.36
November,2021,LOADED,Tiles,1751.0,,48472.0,1942.0,322916.0
November,2021,LOADED,Raw Cashew,668.0,,10471.0,722.0,194457.0
November,2021,LOADED,Bentonite Powder/Lumps,8.0,,209.0,147.0,42598.0
November,2021,LOADED,Wood,132.0,,1982.0,281.0,28971.0
November,2021,LOADED,Salt,131.0,,3663.0,145.0,31557.0
November,2021,LOADED,Chemicals,62.0,,1105.0,154.0,34812.0
November,2021,LOADED,Granite/Marble,158.0,,4343.0,64.0,9135.0
November,2021,LOADED,Fertilizer,6.0,,156.0,82.0,24085.0
November,2021,LOADED,China Clay,27.0,,687.0,55.0,6676.0
November,2021,LOADED,Wheat,0.0,,0.0,7.0,13894.0
November,2021,LOADED,Lead,9.0,,230.0,6.0,4257.0
November,2021,LOADED,Fish Meal,3.0,,70.0,39.0,11892.0
November,2021,LOADED,Coffee,32.0,,625.0,32.0,6636.0
November,2021,LOADED,Food Stuff,44.0,,501.0,42.0,3915.0
November,2021,LOADED,Ply wood,20.0,,261.0,20.0,2489.0
November,2021,LOADED,Polypropylene,40.0,,586.0,6.0,7535.0
November,2021,LOADED,Packing Materials,0.0,,0.0,14.0,483.0
November,2021,LOADED,Personal Effects,10.0,,73.0,11.0,1142.0
November,2021,LOADED,News Print,0.0,,0.0,10.0,3153.0
November,2021,LOADED,Machinery,14.0,,85.0,7.0,766.0
November,2021,LOADED,Garments,0.0,,0.0,0.0,439.0
November,2021,LOADED,Rice,2.0,,53.0,1.0,327.0
November,2021,LOADED,Flexible Carry Bags,0.0,,0.0,0.0,253.0
November,2021,LOADED,Reefer cargo,4.0,,58.0,0.0,996.0
November,2021,LOADED,Wax,0.0,,0.0,0.0,76.0
November,2021,LOADED,Calcite Powder,0.0,,0.0,21.0,1258.0
November,2021,LOADED,Limestone,0.0,,0.0,4.0,136.0
November,2021,LOADED,Cotton,0.0,,0.0,0.0,1739.0
November,2021,LOADED,Fish Oil,0.0,,0.0,5.0,238.0
November,2021,LOADED,Dolomite Powder,0.0,,0.0,8.0,281.0
November,2021,LOADED,Cocoa Beans,0.0,,0.0,0.0,26.0
November,2021,LOADED,Others,414.0,,7790.0,467.0,75084.0
November,2021,LOADED,Empty Container,302.0,,0.0,390.0,0.0
November,2021,LOADED,-do- Reefer,614.0,,0.0,484.0,0.0
November,2021,LOADED,Coffee,882.0,,18812.0,532.0,125443.0
November,2021,LOADED,Reefer Cargo,614.0,,7463.0,604.0,44401.0
November,2021,LOADED,Food Stuff,249.0,,3586.0,96.0,21838.0
November,2021,LOADED,Gherkins,155.0,,3504.0,135.0,34741.0
November,2021,LOADED,Polypropylene,54.0,,804.0,43.0,10551.0
November,2021,LOADED,Flexible Carry Bags,132.0,,1488.0,104.0,10522.0
November,2021,LOADED,Garments,77.0,,696.0,109.0,5075.0
November,2021,LOADED,Machinery,145.0,,1964.0,71.0,5316.0
November,2021,LOADED,Chemicals,52.0,,1018.0,51.0,11283.0
November,2021,LOADED,Cashew Kernels,53.0,,909.0,31.0,6394.0
November,2021,LOADED,Cucumber,36.0,,778.0,13.0,15190.0
November,2021,LOADED,Fish Meal,47.0,,933.0,188.0,17717.0
November,2021,LOADED,Rice,41.0,,1021.0,6.0,2750.0
November,2021,LOADED,Lead,3.0,,80.0,10.0,8177.0
November,2021,LOADED,Granite/Marble,5.0,,125.0,11.0,4574.0
November,2021,LOADED,Fertilizer,54.0,,1583.0,40.0,3739.0
November,2021,LOADED,Cotton,14.0,,148.0,56.0,5546.0
November,2021,LOADED,Leaf Springs,14.0,,324.0,4.0,1342.0
November,2021,LOADED,Seafood,5.0,,120.0,17.0,1673.0
November,2021,LOADED,Beer,0.0,,0.0,0.0,119.0
November,2021,LOADED,Printed Books,12.0,,156.0,13.0,611.0
November,2021,LOADED,Personal Effects,8.0,,44.0,7.0,236.0
November,2021,LOADED,Wood,9.0,,156.0,0.0,75.0
November,2021,LOADED,Brake Drums,2.0,,43.0,0.0,258.0
November,2021,LOADED,Wax Candle,14.0,,111.0,2.0,311.0
November,2021,LOADED,Plywood,2.0,,30.0,8.0,350.0
November,2021,LOADED,Bio Plate,5.0,,54.0,5.0,502.0
November,2021,LOADED,Spices,0.0,,0.0,0.0,31.0
November,2021,LOADED,Wheat,0.0,,0.0,0.0,117.0
November,2021,LOADED,Salt,0.0,,0.0,0.0,0.0
November,2021,LOADED,Fish Oil,0.0,,0.0,0.0,74.0
November,2021,LOADED,Roof Tiles,0.0,,0.0,0.0,22.0
November,2021,LOADED,Others,491.0,,8263.0,308.0,47988.0
November,2021,LOADED,Empty Container,2134.0,,0.0,2848.0,0.0
November,2021,LOADED,-do- Reefer,10.0,,0.0,2.0,0.0
November,2021,CATEGORY_TOTAL,GRAND TOTAL,9770.0,,156294.0,,1419374.0
December,2021,UNLOADED,TOTAL CRUDE,10.0,,1378981.0,1432666.0,-2.58
December,2021,UNLOADED,TOTAL LPG,11.0,,194035.0,237565.0,-4.66
December,2021,UNLOADED,POL PRODUCTS,10.0,,86714.0,61143.0,-7.36
December,2021,UNLOADED,EDIBLE OIL,10.0,,99888.0,91937.0,-2.76
December,2021,UNLOADED,OTH. LIQ. CARGOES,9.0,,45698.0,39277.0,16.79
December,2021,UNLOADED,FERTILIZER,1.0,,46967.0,25000.0,-63.99
December,2021,UNLOADED,F.R.M. (DRY),0.0,,0.0,25900.0,39.56
December,2021,UNLOADED,TOTAL CEMENT,3.0,,21034.0,40427.0,-27.05
December,2021,UNLOADED,TOTAL COAL,3.0,,224308.0,323008.0,19.22
December,2021,UNLOADED,IRON ORE,1.0,,29759.0,271829.0,-7.75
December,2021,UNLOADED,OTHER CARGO,10.0,,110595.0,30865.0,152.1
December,2021,UNLOADED,CONTAINER,9.0,,122566.0,135388.0,3.27
December,2021,LOADED,IRON ORE,2.0,,113814.0,214906.0,-23.07
December,2021,LOADED,TOTAL COAL,0.0,,0.0,0.0,-21.71
December,2021,LOADED,CRUDE - ISPRL,0.0,,107964.0,0.0,357.65
December,2021,LOADED,POL PRODUCTS,16.0,,651027.0,347708.0,44.21
December,2021,LOADED,PETROCHEMICALS,3.0,,73539.0,75943.0,53.52
December,2021,LOADED,OTH.LIQ.CARGOES,0.0,,0.0,0.0,-58.81
December,2021,LOADED,FOOD GRAINS,0.0,,0.0,0.0,0.0
December,2021,LOADED,OTHER CARGO,5.0,,49541.0,1654.0,472.13
December,2021,LOADED,CONTAINER,5.0,,75645.0,79908.0,15.94
December,2021,CATEGORY_TOTAL,GRAND TOTAL (A+B+C+,,,3482423.0,,6.46
December,2021,CATEGORY_TOTAL,a) Dry Bulk (Total),12.0,,569323.0,,0.77
December,2021,CATEGORY_TOTAL,b) Break Bulk,13.0,,72155.0,,46.88
December,2021,CATEGORY_TOTAL,c) Liquid Bulk,69.0,,2642734.0,,8.01
December,2021,CATEGORY_TOTAL,d) Containers (In Tons),14.0,,198211.0,,7.66
December,2021,CATEGORY_TOTAL,GRAND TOTAL,108.0,,3482423.0,,6.46
July,2026,UNLOADED,TOTAL CRUDE,19.0,18.0,1313542.0,1276206.0,14.52
July,2026,UNLOADED,TOTAL LPG,11.0,13.0,245233.0,280022.0,-16.78
July,2026,UNLOADED,POL PRODUCTS,7.0,10.0,78180.0,114317.0,-52.33
July,2026,UNLOADED,EDIBLE OIL,9.0,7.0,86556.0,89099.0,17.75
July,2026,UNLOADED,OTH. LIQ. CARGOES,9.0,14.0,83495.0,57823.0,-1.79
July,2026,UNLOADED,FERTILIZER,4.0,1.0,121017.0,35976.0,100.41
July,2026,UNLOADED,F.R.M. (DRY),0.0,0.0,0.0,0.0,-100.0
July,2026,UNLOADED,TOTAL CEMENT,3.0,2.0,39410.0,31110.0,42.14
July,2026,UNLOADED,TOTAL COAL,10.0,5.0,625768.0,357968.0,-13.15
July,2026,UNLOADED,IRON ORE,3.0,4.0,173793.0,217720.0,7.82
July,2026,UNLOADED,OTHER CARGO,3.0,1.0,11726.0,27400.0,756.03
July,2026,UNLOADED,CONTAINER (JSW),9.0,17.0,139985.0,181460.0,-12.65
July,2026,LOADED,IRON ORE,5.0,2.0,322798.0,134522.0,-8.74
July,2026,LOADED,TOTAL COAL,0.0,0.0,0.0,0.0,-100.0
July,2026,LOADED,CRUDE - ISPRL,0.0,0.0,0.0,0.0,0.0
July,2026,LOADED,POL PRODUCTS,19.0,12.0,561399.0,485172.0,38.05
July,2026,LOADED,PETROCHEMICALS,1.0,1.0,12466.0,12300.0,-5.22
July,2026,LOADED,OTH.LIQ.CARGOES,2.0,1.0,35793.0,11809.0,327.46
July,2026,LOADED,FOOD GRAINS,0.0,0.0,0.0,0.0,0.0
July,2026,LOADED,OTHER CARGO,2.0,1.0,1554.0,9195.0,437.04
July,2026,LOADED,CONTAINER (JSW),5.0,8.0,82895.0,79411.0,15.38
July,2026,CATEGORY_TOTAL,GRAND TOTAL (A+B+C+D),121.0,,3997299.0,,11.14
July,2026,CATEGORY_TOTAL,a) Dry Bulk (Total),25.0,,1282786.0,,2.08
July,2026,CATEGORY_TOTAL,b) Break Bulk,5.0,,37012.0,,64.15
July,2026,CATEGORY_TOTAL,c) Liquid Bulk,77.0,,2454621.0,,16.7
July,2026,CATEGORY_TOTAL,d) Containers (In Tons),14.0,,222880.0,,-2.88
July,2026,CATEGORY_TOTAL,GRAND TOTAL,121.0,,3997299.0,,11.14
January,2023,UNLOADED,TOTAL CRUDE,15.0,,1499513.0,1493964.0,32.02
January,2023,UNLOADED,TOTAL LPG,13.0,,265514.0,227455.0,2.13
January,2023,UNLOADED,POL PRODUCTS,7.0,,83204.0,153271.0,-42.65
January,2023,UNLOADED,EDIBLE OIL,10.0,,94633.0,62582.0,29.23
January,2023,UNLOADED,OTH. LIQ. CARGOES,13.0,,71068.0,53707.0,-2.48
January,2023,UNLOADED,FERTILIZER,2.0,,76040.0,33000.0,80.8
January,2023,UNLOADED,F.R.M. (DRY),1.0,,20000.0,0.0,-47.98
January,2023,UNLOADED,TOTAL CEMENT,4.0,,41026.0,21579.0,51.89
January,2023,UNLOADED,TOTAL COAL,13.0,,516675.0,269345.0,24.58
January,2023,UNLOADED,IRON ORE,2.0,,146638.0,106800.0,-40.91
January,2023,UNLOADED,OTHER CARGO,10.0,,46456.0,105775.0,-75.28
January,2023,UNLOADED,CONTAINER (JSW),12.0,,125932.0,96423.0,4.61
January,2023,LOADED,IRON ORE,2.0,,159919.0,288241.0,-48.62
January,2023,LOADED,TOTAL COAL,0.0,,0.0,0.0,82.63
January,2023,LOADED,CRUDE - ISPRL,0.0,,0.0,0.0,-100.0
January,2023,LOADED,POL PRODUCTS,11.0,,536533.0,396357.0,15.06
January,2023,LOADED,PETROCHEMICALS,2.0,,40056.0,78435.0,-29.57
January,2023,LOADED,OTH.LIQ.CARGOES,0.0,,0.0,0.0,-100.0
January,2023,LOADED,FOOD GRAINS,0.0,,0.0,29782.0,3151.31
January,2023,LOADED,OTHER CARGO,2.0,,35512.0,91498.0,-34.92
January,2023,LOADED,CONTAINER (JSW),4.0,,86910.0,80468.0,-1.68
January,2023,CATEGORY_TOTAL,GRAND TOTAL (A+B+C+D),123.0,,3785672.0,3723434.0,8.13
January,2023,CATEGORY_TOTAL,a) Dry Bulk (Total),25.0,,1011454.0,865803.0,-9.8
January,2023,CATEGORY_TOTAL,b) Break Bulk,11.0,,100366.0,73091.0,-20.1
January,2023,CATEGORY_TOTAL,c) Liquid Bulk,71.0,,2461010.0,2607649.0,16.01
January,2023,CATEGORY_TOTAL,d) Containers (In Tons),16.0,,212842.0,176891.0,2.22
January,2023,CATEGORY_TOTAL,GRAND TOTAL,123.0,,3785672.0,3723434.0,8.13
February,2023,UNLOADED,TOTAL CRUDE,11.0,,1320443.0,1364643.0,28.14
February,2023,UNLOADED,TOTAL LPG,13.0,,254366.0,206575.0,3.9
February,2023,UNLOADED,POL PRODUCTS,8.0,,70732.0,122925.0,-41.7
February,2023,UNLOADED,EDIBLE OIL,6.0,,59759.0,61274.0,27.41
February,2023,UNLOADED,OTH. LIQ. CARGOES,9.0,,67749.0,67014.0,-2.03
February,2023,UNLOADED,FERTILIZER,0.0,,0.0,101383.0,28.64
February,2023,UNLOADED,F.R.M. (DRY),0.0,,0.0,33500.0,-62.5
February,2023,UNLOADED,TOTAL CEMENT,2.0,,18706.0,19915.0,47.06
February,2023,UNLOADED,TOTAL COAL,11.0,,554204.0,86092.0,38.12
February,2023,UNLOADED,IRON ORE,5.0,,283837.0,330000.0,-36.37
February,2023,UNLOADED,OTHER CARGO,9.0,,21779.0,20561.0,-73.23
February,2023,UNLOADED,CONTAINER (JSW),10.0,,107455.0,107585.0,4.22
February,2023,LOADED,IRON ORE,3.0,,163767.0,179412.0,-44.59
February,2023,LOADED,TOTAL COAL,0.0,,0.0,44000.0,-9.6
February,2023,LOADED,CRUDE - ISPRL,0.0,,0.0,0.0,-100.0
February,2023,LOADED,POL PRODUCTS,10.0,,543984.0,432711.0,10.66
February,2023,LOADED,PETROCHEMICALS,1.0,,62792.0,39942.0,-25.51
February,2023,LOADED,OTH.LIQ.CARGOES,0.0,,0.0,0.0,-100.0
February,2023,LOADED,FOOD GRAINS,1.0,,0.0,468.0,3202.4
February,2023,LOADED,OTHER CARGO,2.0,,8278.0,60233.0,-43.53
February,2023,LOADED,CONTAINER (JSW),4.0,,88857.0,81949.0,-0.67
February,2023,CATEGORY_TOTAL,GRAND TOTAL (A+B+C+D),105.0,,3554512.0,3488262.0,7.5
February,2023,CATEGORY_TOTAL,a) Dry Bulk (Total),21.0,,1036670.0,822855.0,-6.05
February,2023,CATEGORY_TOTAL,b) Break Bulk,12.0,,42795.0,63656.0,-27.19
February,2023,CATEGORY_TOTAL,c) Liquid Bulk,58.0,,2278735.0,2412217.0,13.79
February,2023,CATEGORY_TOTAL,d) Containers (In Tons),14.0,,196312.0,189534.0,2.34
February,2023,CATEGORY_TOTAL,GRAND TOTAL,105.0,,3554512.0,3488262.0,7.5
March,2023,UNLOADED,TOTAL CRUDE,13.0,,1553883.0,1569490.0,24.87
March,2023,UNLOADED,TOTAL LPG,14.0,,246133.0,205498.0,5.12
March,2023,UNLOADED,POL PRODUCTS,7.0,,82371.0,99612.0,-39.48
March,2023,UNLOADED,EDIBLE OIL,7.0,,81334.0,85940.0,23.77
March,2023,UNLOADED,OTH. LIQ. CARGOES,17.0,,81035.0,67982.0,0.35
March,2023,UNLOADED,FERTILIZER,3.0,,82714.0,56413.0,31.13
March,2023,UNLOADED,F.R.M. (DRY),1.0,,11200.0,0.0,-53.17
March,2023,UNLOADED,TOTAL CEMENT,3.0,,30896.0,14380.0,50.91
March,2023,UNLOADED,TOTAL COAL,9.0,,440266.0,627484.0,27.26
March,2023,UNLOADED,IRON ORE,5.0,,223600.0,220000.0,-32.53
March,2023,UNLOADED,OTHER CARGO,8.0,,19134.0,18570.0,-71.53
March,2023,UNLOADED,CONTAINER (JSW),13.0,,88161.0,102974.0,2.86
March,2023,LOADED,IRON ORE,7.0,,380714.0,362510.0,-36.18
March,2023,LOADED,TOTAL COAL,1.0,,1850.0,0.0,-7.48
March,2023,LOADED,CRUDE - ISPRL,0.0,,0.0,0.0,-100.0
March,2023,LOADED,POL PRODUCTS,15.0,,657367.0,591449.0,8.18
March,2023,LOADED,PETROCHEMICALS,3.0,,85378.0,75692.0,-22.39
March,2023,LOADED,OTH.LIQ.CARGOES,0.0,,0.0,0.0,-100.0
March,2023,LOADED,FOOD GRAINS,0.0,,0.0,0.0,3202.4
March,2023,LOADED,OTHER CARGO,0.0,,0.0,76865.0,-53.49
March,2023,LOADED,CONTAINER (JSW),5.0,,104512.0,80593.0,2.05
March,2023,CATEGORY_TOTAL,GRAND TOTAL (A+B+C+D),131.0,,4150243.0,4628618.0,5.4
March,2023,CATEGORY_TOTAL,a) Dry Bulk (Total),29.0,,1186841.0,1408389.0,-7.41
March,2023,CATEGORY_TOTAL,b) Break Bulk,8.0,,43457.0,58357.0,-27.03
March,2023,CATEGORY_TOTAL,c) Liquid Bulk,76.0,,2727272.0,2978305.0,11.27
March,2023,CATEGORY_TOTAL,d) Containers (In Tons),18.0,,192673.0,183567.0,2.55
March,2023,CATEGORY_TOTAL,GRAND TOTAL,131.0,,4150243.0,4628618.0,5.4
April,2023,UNLOADED,TOTAL CRUDE,18.0,,1668727.0,1494842.0,11.63
April,2023,UNLOADED,TOTAL LPG,11.0,,230101.0,201273.0,14.32
April,2023,UNLOADED,POL PRODUCTS,9.0,,96688.0,53998.0,79.06
April,2023,UNLOADED,EDIBLE OIL,10.0,,117729.0,36228.0,224.97
April,2023,UNLOADED,OTH. LIQ. CARGOES,14.0,,81076.0,55577.0,45.88
April,2023,UNLOADED,FERTILIZER,2.0,,43382.0,52099.0,-16.73
April,2023,UNLOADED,F.R.M. (DRY),1.0,,22000.0,0.0,0.0
April,2023,UNLOADED,TOTAL CEMENT,2.0,,21202.0,18005.0,17.76
April,2023,UNLOADED,TOTAL COAL,13.0,,771898.0,617862.0,24.93
April,2023,UNLOADED,IRON ORE,4.0,,262250.0,220000.0,19.2
April,2023,UNLOADED,OTHER CARGO,8.0,,21791.0,21923.0,-0.6
April,2023,UNLOADED,CONTAINER (JSW),14.0,,128482.0,67941.0,89.11
April,2023,LOADED,IRON ORE,3.0,,164896.0,169478.0,-2.7
April,2023,LOADED,TOTAL COAL,0.0,,0.0,0.0,0.0
April,2023,LOADED,CRUDE - ISPRL,0.0,,0.0,0.0,0.0
April,2023,LOADED,POL PRODUCTS,9.0,,393004.0,342453.0,-12.86
April,2023,LOADED,PETROCHEMICALS,1.0,,45078.0,70855.0,-36.38
April,2023,LOADED,OTH.LIQ.CARGOES,0.0,,0.0,0.0,0.0
April,2023,LOADED,FOOD GRAINS,0.0,,0.0,0.0,0.0
April,2023,LOADED,OTHER CARGO,1.0,,3005.0,22579.0,-86.69
April,2023,LOADED,CONTAINER (JSW),7.0,,83094.0,54643.0,52.07
April,2023,CATEGORY_TOTAL,GRAND TOTAL (A+B+C+D),127.0,,4134744.0,3552668.0,16.38
April,2023,CATEGORY_TOTAL,a) Dry Bulk (Total),26.0,,1296021.0,1090023.0,18.9
April,2023,CATEGORY_TOTAL,b) Break Bulk,8.0,,37308.0,31923.0,16.87
April,2023,CATEGORY_TOTAL,c) Liquid Bulk,72.0,,2589839.0,2308138.0,12.2
April,2023,CATEGORY_TOTAL,d) Containers (In Tons),21.0,,211576.0,122584.0,72.6
April,2023,CATEGORY_TOTAL,GRAND TOTAL,127.0,,4134744.0,3552668.0,16.38
May,2023,UNLOADED,TOTAL CRUDE,16.0,,1438183.0,1290106.0,11.56
May,2023,UNLOADED,TOTAL LPG,15.0,,233714.0,187437.0,19.32
May,2023,UNLOADED,POL PRODUCTS,8.0,,104185.0,66879.0,66.18
May,2023,UNLOADED,EDIBLE OIL,6.0,,41366.0,80938.0,35.79
May,2023,UNLOADED,OTH. LIQ. CARGOES,17.0,,85858.0,43485.0,68.51
May,2023,UNLOADED,FERTILIZER,2.0,,77340.0,45800.0,23.31
May,2023,UNLOADED,F.R.M. (DRY),0.0,,0.0,0.0,0.0
May,2023,UNLOADED,TOTAL CEMENT,2.0,,21031.0,31305.0,-14.35
May,2023,UNLOADED,TOTAL COAL,10.0,,615489.0,448198.0,30.14
May,2023,UNLOADED,IRON ORE,4.0,,177750.0,165000.0,14.29
May,2023,UNLOADED,OTHER CARGO,6.0,,11145.0,38085.0,-45.11
May,2023,UNLOADED,CONTAINER (JSW),14.0,,178037.0,118439.0,64.46
May,2023,LOADED,IRON ORE,1.0,,55000.0,55000.0,-2.04
May,2023,LOADED,TOTAL COAL,0.0,,0.0,0.0,0.0
May,2023,LOADED,CRUDE - ISPRL,0.0,,0.0,0.0,0.0
May,2023,LOADED,POL PRODUCTS,9.0,,643815.0,340060.0,-34.17
May,2023,LOADED,PETROCHEMICALS,4.0,,82299.0,50046.0,5.36
May,2023,LOADED,OTH.LIQ.CARGOES,0.0,,0.0,0.0,0.0
May,2023,LOADED,FOOD GRAINS,0.0,,0.0,0.0,0.0
May,2023,LOADED,OTHER CARGO,1.0,,3023.0,60372.0,-92.73
May,2023,LOADED,CONTAINER (JSW),9.0,,87037.0,66181.0,40.81
May,2023,CATEGORY_TOTAL,GRAND TOTAL (A+B+C+D),124.0,,3588879.0,3455173.0,10.21
May,2023,CATEGORY_TOTAL,a) Dry Bulk (Total),19.0,,957797.0,853570.0,15.96
May,2023,CATEGORY_TOTAL,b) Break Bulk,7.0,,30222.0,26688.0,15.22
May,2023,CATEGORY_TOTAL,c) Liquid Bulk,75.0,,2335786.0,2390295.0,4.84
May,2023,CATEGORY_TOTAL,d) Containers (In Tons),23.0,,265074.0,184620.0,55.16
May,2023,CATEGORY_TOTAL,GRAND TOTAL,124.0,,3588879.0,3455173.0,10.21
June,2023,UNLOADED,TOTAL CRUDE,21.0,,1645302.0,1346140.0,15.04
June,2023,UNLOADED,TOTAL LPG,12.0,,224268.0,187893.0,19.33
June,2023,UNLOADED,POL PRODUCTS,8.0,,90730.0,50275.0,70.38
June,2023,UNLOADED,EDIBLE OIL,9.0,,85582.0,47153.0,48.9
June,2023,UNLOADED,OTH. LIQ. CARGOES,7.0,,45031.0,39026.0,53.5
June,2023,UNLOADED,FERTILIZER,3.0,,88421.0,30150.0,63.33
June,2023,UNLOADED,F.R.M. (DRY),0.0,,0.0,0.0,0.0
June,2023,UNLOADED,TOTAL CEMENT,1.0,,9939.0,34544.0,-37.78
June,2023,UNLOADED,TOTAL COAL,5.0,,226206.0,435170.0,7.48
June,2023,UNLOADED,IRON ORE,1.0,,54877.0,55000.0,12.47
June,2023,UNLOADED,OTHER CARGO,3.0,,15770.0,0.0,-18.83
June,2023,UNLOADED,CONTAINER (JSW),10.0,,130309.0,180984.0,18.91
June,2023,LOADED,IRON ORE,5.0,,270278.0,51310.0,77.74
June,2023,LOADED,TOTAL COAL,1.0,,9100.0,0.0,0.0
June,2023,LOADED,CRUDE - ISPRL,0.0,,0.0,0.0,0.0
June,2023,LOADED,POL PRODUCTS,13.0,,546342.0,461301.0,-27.75
June,2023,LOADED,PETROCHEMICALS,2.0,,61146.0,72918.0,-2.73
June,2023,LOADED,OTH.LIQ.CARGOES,0.0,,0.0,0.0,0.0
June,2023,LOADED,FOOD GRAINS,0.0,,0.0,0.0,0.0
June,2023,LOADED,OTHER CARGO,0.0,,0.0,21000.0,-94.2
June,2023,LOADED,CONTAINER (JSW),10.0,,86647.0,64011.0,38.92
June,2023,CATEGORY_TOTAL,GRAND TOTAL (A+B+C+D),111.0,,3576776.0,3215361.0,10.54
June,2023,CATEGORY_TOTAL,a) Dry Bulk (Total),16.0,,678417.0,656961.0,12.75
June,2023,CATEGORY_TOTAL,b) Break Bulk,3.0,,35335.0,5334.0,60.86
June,2023,CATEGORY_TOTAL,c) Liquid Bulk,72.0,,2646068.0,2308071.0,8.07
June,2023,CATEGORY_TOTAL,d) Containers (In Tons),20.0,,216956.0,244995.0,25.61
June,2023,CATEGORY_TOTAL,GRAND TOTAL,111.0,,3576776.0,3215361.0,10.54
July,2023,UNLOADED,TOTAL CRUDE,18.0,,1341974.0,1683236.0,4.81
July,2023,UNLOADED,TOTAL LPG,14.0,,247674.0,214720.0,18.25
July,2023,UNLOADED,POL PRODUCTS,10.0,,83283.0,36078.0,80.9
July,2023,UNLOADED,EDIBLE OIL,9.0,,87095.0,80928.0,35.28
July,2023,UNLOADED,OTH. LIQ. CARGOES,11.0,,42770.0,18245.0,62.94
July,2023,UNLOADED,FERTILIZER,3.0,,48599.0,34200.0,58.86
July,2023,UNLOADED,F.R.M. (DRY),0.0,,0.0,0.0,0.0
July,2023,UNLOADED,TOTAL CEMENT,2.0,,19238.0,36191.0,-40.51
July,2023,UNLOADED,TOTAL COAL,6.0,,352909.0,278444.0,10.5
July,2023,UNLOADED,IRON ORE,3.0,,207638.0,0.0,59.66
July,2023,UNLOADED,OTHER CARGO,4.0,,41385.0,0.0,50.13
July,2023,UNLOADED,CONTAINER (JSW),13.0,,178156.0,182681.0,11.81
July,2023,LOADED,IRON ORE,2.0,,109678.0,55000.0,81.34
July,2023,LOADED,TOTAL COAL,0.0,,0.0,47268.0,-80.75
July,2023,LOADED,CRUDE - ISPRL,0.0,,0.0,0.0,0.0
July,2023,LOADED,POL PRODUCTS,8.0,,372988.0,306712.0,-25.85
July,2023,LOADED,PETROCHEMICALS,5.0,,111532.0,58300.0,19.01
July,2023,LOADED,OTH.LIQ.CARGOES,0.0,,0.0,0.0,0.0
July,2023,LOADED,FOOD GRAINS,0.0,,0.0,0.0,0.0
July,2023,LOADED,OTHER CARGO,2.0,,58680.0,0.0,-37.75
July,2023,LOADED,CONTAINER (JSW),10.0,,94517.0,63429.0,41.5
July,2023,CATEGORY_TOTAL,GRAND TOTAL (A+B+C+D),120.0,,3374631.0,3219883.0,9.16
July,2023,CATEGORY_TOTAL,a) Dry Bulk (Total),18.0,,829124.0,478426.0,22.28
July,2023,CATEGORY_TOTAL,b) Break Bulk,4.0,,30349.0,11801.0,69.51
July,2023,CATEGORY_TOTAL,c) Liquid Bulk,75.0,,2242485.0,2483546.0,3.42
July,2023,CATEGORY_TOTAL,d) Containers (In Tons),23.0,,272673.0,246110.0,21.04
July,2023,CATEGORY_TOTAL,GRAND TOTAL,120.0,,3374631.0,3219883.0,9.16
August,2023,UNLOADED,TOTAL CRUDE,15.0,,970899.0,1148594.0,1.47
August,2023,UNLOADED,TOTAL LPG,18.0,,319974.0,238306.0,21.96
August,2023,UNLOADED,POL PRODUCTS,6.0,,62346.0,18482.0,93.71
August,2023,UNLOADED,EDIBLE OIL,9.0,,80091.0,65820.0,32.4
August,2023,UNLOADED,OTH. LIQ. CARGOES,12.0,,72865.0,21378.0,84.34
August,2023,UNLOADED,FERTILIZER,0.0,,0.0,114147.0,-6.75
August,2023,UNLOADED,F.R.M. (DRY),0.0,,0.0,13000.0,69.23
August,2023,UNLOADED,TOTAL CEMENT,2.0,,25684.0,34673.0,-37.24
August,2023,UNLOADED,TOTAL COAL,10.0,,294389.0,368815.0,5.23
August,2023,UNLOADED,IRON ORE,2.0,,61242.0,55000.0,54.29
August,2023,UNLOADED,OTHER CARGO,4.0,,34053.0,0.0,106.88
August,2023,UNLOADED,CONTAINER (JSW),12.0,,174806.0,137005.0,14.95
August,2023,LOADED,IRON ORE,1.0,,54995.0,54888.0,69.79
August,2023,LOADED,TOTAL COAL,0.0,,0.0,31498.0,-88.45
August,2023,LOADED,CRUDE - ISPRL,0.0,,0.0,0.0,0.0
August,2023,LOADED,POL PRODUCTS,11.0,,393923.0,466373.0,-23.86
August,2023,LOADED,PETROCHEMICALS,2.0,,43802.0,35973.0,19.36
August,2023,LOADED,OTH.LIQ.CARGOES,0.0,,0.0,0.0,0.0
August,2023,LOADED,FOOD GRAINS,0.0,,0.0,0.0,0.0
August,2023,LOADED,OTHER CARGO,0.0,,0.0,0.0,-37.75
August,2023,LOADED,CONTAINER (JSW),11.0,,81629.0,70921.0,35.63
August,2023,CATEGORY_TOTAL,GRAND TOTAL (A+B+C+D),115.0,,2702139.0,2908353.0,6.27
August,2023,CATEGORY_TOTAL,a) Dry Bulk (Total),15.0,,436310.0,699445.0,11.18
August,2023,CATEGORY_TOTAL,b) Break Bulk,4.0,,50790.0,2000.0,128.32
August,2023,CATEGORY_TOTAL,c) Liquid Bulk,73.0,,1958604.0,1998982.0,2.47
August,2023,CATEGORY_TOTAL,d) Containers (In Tons),23.0,,256435.0,207926.0,21.51
August,2023,CATEGORY_TOTAL,GRAND TOTAL,115.0,,2702139.0,2908353.0,6.27
September,2023,UNLOADED,TOTAL CRUDE,8.0,,614544.0,1225424.0,-6.21
September,2023,UNLOADED,TOTAL LPG,15.0,,332917.0,245159.0,24.62
September,2023,UNLOADED,POL PRODUCTS,7.0,,95152.0,37074.0,102.59
September,2023,UNLOADED,EDIBLE OIL,9.0,,101145.0,97972.0,25.42
September,2023,UNLOADED,OTH. LIQ. CARGOES,14.0,,75919.0,54995.0,73.4
September,2023,UNLOADED,FERTILIZER,2.0,,36979.0,0.0,6.63
September,2023,UNLOADED,F.R.M. (DRY),1.0,,8000.0,0.0,130.77
September,2023,UNLOADED,TOTAL CEMENT,2.0,,12438.0,27232.0,-39.8
September,2023,UNLOADED,TOTAL COAL,9.0,,505620.0,154400.0,20.13
September,2023,UNLOADED,IRON ORE,3.0,,165000.0,0.0,87.63
September,2023,UNLOADED,OTHER CARGO,3.0,,18931.0,13546.0,94.52
September,2023,UNLOADED,CONTAINER (JSW),14.0,,127669.0,130360.0,12.24
September,2023,LOADED,IRON ORE,3.0,,201995.0,30000.0,106.13
September,2023,LOADED,TOTAL COAL,0.0,,0.0,0.0,-88.45
September,2023,LOADED,CRUDE - ISPRL,0.0,,0.0,0.0,0.0
September,2023,LOADED,POL PRODUCTS,8.0,,326882.0,520308.0,-26.22
September,2023,LOADED,PETROCHEMICALS,1.0,,19971.0,35892.0,12.3
September,2023,LOADED,OTH.LIQ.CARGOES,1.0,,8104.0,0.0,0.0
September,2023,LOADED,FOOD GRAINS,0.0,,0.0,0.0,0.0
September,2023,LOADED,OTHER CARGO,0.0,,0.0,0.0,-37.75
September,2023,LOADED,CONTAINER (JSW),11.0,,104166.0,93151.0,30.26
September,2023,CATEGORY_TOTAL,GRAND TOTAL (A+B+C+D),111.0,,2790597.0,2757297.0,5.54
September,2023,CATEGORY_TOTAL,a) Dry Bulk (Total),20.0,,945923.0,258459.0,27.5
September,2023,CATEGORY_TOTAL,b) Break Bulk,3.0,,29023.0,27543.0,97.01
September,2023,CATEGORY_TOTAL,c) Liquid Bulk,63.0,,1583816.0,2247784.0,-2.77
September,2023,CATEGORY_TOTAL,d) Containers (In Tons),25.0,,231835.0,223511.0,18.28
September,2023,CATEGORY_TOTAL,GRAND TOTAL,111.0,,2790597.0,2757297.0,5.54
October,2023,UNLOADED,TOTAL CRUDE,15.0,,1676845.0,1769386.0,-6.04
October,2023,UNLOADED,TOTAL LPG,16.0,,290279.0,260799.0,22.36
October,2023,UNLOADED,POL PRODUCTS,9.0,,130109.0,61630.0,104.21
October,2023,UNLOADED,EDIBLE OIL,6.0,,70357.0,48466.0,27.51
October,2023,UNLOADED,OTH. LIQ. CARGOES,10.0,,36066.0,26409.0,69.65
October,2023,UNLOADED,FERTILIZER,3.0,,72400.0,0.0,32.82
October,2023,UNLOADED,F.R.M. (DRY),0.0,,0.0,12000.0,20.0
October,2023,UNLOADED,TOTAL CEMENT,2.0,,21750.0,34533.0,-39.36
October,2023,UNLOADED,TOTAL COAL,15.0,,776593.0,500940.0,26.37
October,2023,UNLOADED,IRON ORE,2.0,,110000.0,54700.0,88.97
October,2023,UNLOADED,OTHER CARGO,8.0,,18594.0,29009.0,57.63
October,2023,UNLOADED,CONTAINER (JSW),15.0,,150236.0,92382.0,17.36
October,2023,LOADED,IRON ORE,3.0,,119729.0,25104.0,121.56
October,2023,LOADED,TOTAL COAL,0.0,,0.0,0.0,-88.45
October,2023,LOADED,CRUDE - ISPRL,0.0,,0.0,0.0,0.0
October,2023,LOADED,POL PRODUCTS,8.0,,311262.0,468853.0,-27.23
October,2023,LOADED,PETROCHEMICALS,1.0,,26110.0,89416.0,-5.68
October,2023,LOADED,OTH.LIQ.CARGOES,0.0,,0.0,0.0,0.0
October,2023,LOADED,FOOD GRAINS,0.0,,0.0,0.0,0.0
October,2023,LOADED,OTHER CARGO,0.0,,275.0,2000.0,-38.67
October,2023,LOADED,CONTAINER (JSW),12.0,,107295.0,78190.0,31.37
October,2023,CATEGORY_TOTAL,GRAND TOTAL (A+B+C+D),125.0,,3963858.0,3588955.0,6.32
October,2023,CATEGORY_TOTAL,a) Dry Bulk (Total),25.0,,1120211.0,642443.0,33.94
October,2023,CATEGORY_TOTAL,b) Break Bulk,8.0,,33097.0,41904.0,64.04
October,2023,CATEGORY_TOTAL,c) Liquid Bulk,66.0,,2553019.0,2734036.0,-3.41
October,2023,CATEGORY_TOTAL,d) Containers (In Tons),27.0,,257531.0,170572.0,22.26
October,2023,CATEGORY_TOTAL,GRAND TOTAL,125.0,,3963858.0,3588955.0,6.32
November,2023,UNLOADED,TOTAL CRUDE,12.0,,1356172.0,1433065.0,-5.95
November,2023,UNLOADED,TOTAL LPG,15.0,,264843.0,247848.0,20.2
November,2023,UNLOADED,POL PRODUCTS,6.0,,103988.0,54739.0,102.16
November,2023,UNLOADED,EDIBLE OIL,7.0,,79784.0,118519.0,15.13
November,2023,UNLOADED,OTH. LIQ. CARGOES,12.0,,68343.0,63207.0,57.58
November,2023,UNLOADED,FERTILIZER,0.0,,0.0,36050.0,17.5
November,2023,UNLOADED,F.R.M. (DRY),1.0,,16000.0,0.0,84.0
November,2023,UNLOADED,TOTAL CEMENT,3.0,,35408.0,46387.0,-36.59
November,2023,UNLOADED,TOTAL COAL,17.0,,1004784.0,285095.0,47.23
November,2023,UNLOADED,IRON ORE,4.0,,227500.0,53471.0,109.93
November,2023,UNLOADED,OTHER CARGO,8.0,,24104.0,13312.0,60.32
November,2023,UNLOADED,CONTAINER (JSW),16.0,,133213.0,107109.0,18.09
November,2023,LOADED,IRON ORE,6.0,,320433.0,0.0,194.25
November,2023,LOADED,TOTAL COAL,0.0,,0.0,0.0,-88.45
November,2023,LOADED,CRUDE - ISPRL,0.0,,0.0,0.0,0.0
November,2023,LOADED,POL PRODUCTS,15.0,,595621.0,558935.0,-22.48
November,2023,LOADED,PETROCHEMICALS,4.0,,75983.0,56910.0,-0.93
November,2023,LOADED,OTH.LIQ.CARGOES,0.0,,0.0,0.0,0.0
November,2023,LOADED,FOOD GRAINS,0.0,,0.0,0.0,0.0
November,2023,LOADED,OTHER CARGO,0.0,,0.0,7583.0,-42.76
November,2023,LOADED,CONTAINER (JSW),8.0,,92211.0,76865.0,29.82
November,2023,CATEGORY_TOTAL,GRAND TOTAL (A+B+C+D),134.0,,4441564.0,3201864.0,10.32
November,2023,CATEGORY_TOTAL,a) Dry Bulk (Total),32.0,,1631691.0,428464.0,54.66
November,2023,CATEGORY_TOTAL,b) Break Bulk,7.0,,29768.0,36772.0,47.69
November,2023,CATEGORY_TOTAL,c) Liquid Bulk,71.0,,2554681.0,2552654.0,-2.94
November,2023,CATEGORY_TOTAL,d) Containers (In Tons),24.0,,225424.0,183974.0,22.29
November,2023,CATEGORY_TOTAL,GRAND TOTAL,134.0,,4441564.0,3201864.0,10.32
December,2023,UNLOADED,TOTAL CRUDE,13.0,,1427370.0,1683976.0,-7.15
December,2023,UNLOADED,TOTAL LPG,14.0,,251973.0,249965.0,17.82
December,2023,UNLOADED,POL PRODUCTS,9.0,,118218.0,49097.0,106.58
December,2023,UNLOADED,EDIBLE OIL,8.0,,67916.0,145720.0,1.29
December,2023,UNLOADED,OTH. LIQ. CARGOES,11.0,,52648.0,65293.0,44.62
December,2023,UNLOADED,FERTILIZER,0.0,,0.0,63610.0,-2.38
December,2023,UNLOADED,F.R.M. (DRY),0.0,,0.0,0.0,84.0
December,2023,UNLOADED,TOTAL CEMENT,2.0,,18693.0,28436.0,-36.36
December,2023,UNLOADED,TOTAL COAL,15.0,,875654.0,399168.0,55.49
December,2023,UNLOADED,IRON ORE,5.0,,266800.0,211130.0,88.27
December,2023,UNLOADED,OTHER CARGO,9.0,,26811.0,33890.0,41.95
December,2023,UNLOADED,CONTAINER (JSW),18.0,,135125.0,111450.0,18.41
December,2023,LOADED,IRON ORE,7.0,,386673.0,219175.0,155.12
December,2023,LOADED,TOTAL COAL,0.0,,0.0,0.0,-88.45
December,2023,LOADED,CRUDE - ISPRL,0.0,,0.0,0.0,0.0
December,2023,LOADED,POL PRODUCTS,18.0,,671540.0,535487.0,-16.79
December,2023,LOADED,PETROCHEMICALS,5.0,,131312.0,62013.0,12.19
December,2023,LOADED,OTH.LIQ.CARGOES,1.0,,8755.0,0.0,0.0
December,2023,LOADED,FOOD GRAINS,0.0,,0.0,0.0,0.0
December,2023,LOADED,OTHER CARGO,0.0,,0.0,45417.0,-59.12
December,2023,LOADED,CONTAINER (JSW),5.0,,81663.0,75084.0,27.36
December,2023,CATEGORY_TOTAL,GRAND TOTAL (A+B+C+D),140.0,,4552668.0,4031074.0,10.68
December,2023,CATEGORY_TOTAL,a) Dry Bulk (Total),29.0,,1551753.0,949998.0,56.03
December,2023,CATEGORY_TOTAL,b) Break Bulk,9.0,,44928.0,88470.0,16.54
December,2023,CATEGORY_TOTAL,c) Liquid Bulk,79.0,,2739199.0,2806072.0,-2.87
December,2023,CATEGORY_TOTAL,d) Containers (In Tons),23.0,,216788.0,186534.0,21.65
December,2023,CATEGORY_TOTAL,GRAND TOTAL,140.0,,4552668.0,4031074.0,10.68
